戴森dyson吸尘器V8 FLUFFY（蓝色）家用手持无绳吸尘器除螨仪 无线（京东仓发货） V8系列，软绒滚筒主吸头，蓝色杆,￥3090.00,戴森（Dyson）旗舰店,1900+条评价
dyson戴森v6v8电池dc62 61 74 59 替代配件吸尘器锂电池充电器 戴森V8系列进口电芯5500毫安,￥648.00,极强五金工具专营店,20+条评价
dyson戴森V8吸尘器全系列锂电池转内销代替原装2800mAh锂电池 本店部分商品为预定款，防止不必要的纠纷，下单前请联系客服，及大件商品不含运费请咨询客服，自助下单有权,￥507.00,福之伦家装建材专营店,0条评价
dyson戴森v6v8电池dc62 61 74 59 替代配件吸尘器锂电池充电器 戴森V8系列进口电芯4800毫安,￥736.00,千之速五金工具专营店,0条评价
dyson戴森v6v8电池dc62 61 74 59 替代配件吸尘器锂电池充电器 戴森V8系列进口电芯5500毫安,￥836.00,千之速五金工具专营店,0条评价
dyson戴森v6v8电池dc62 61 74 59 替代配件吸尘器锂电池充电器 戴森V8系列进口电芯3500毫安,￥636.00,千之速五金工具专营店,0条评价
dyson戴森v6v8电池dc62 61 74 59 替代配件吸尘器锂电池充电器 戴森V8系列进口电芯5500毫安,￥777.60,雨之目家装建材专营店,0条评价
dyson戴森v6v8电池dc62 61 74 59 替代配件吸尘器锂电池充电器 戴森V8系列进口电芯4800毫安,￥684.00,雨之目家装建材专营店,0条评价
dyson戴森v6v8电池dc62 61 74 59 替代配件吸尘器锂电池充电器 戴森V8系列进口电芯3500毫安,￥591.60,雨之目家装建材专营店,0条评价
代替dyson戴森V6系列 21.6V锂电池DC58 DC59 DC62 72吸尘器锂电池 2.0Ah(Samsung),￥374.00,莯笙五金工具专营店,0条评价
代替dyson戴森V6系列 21.6V锂电池DC58 DC59 DC62 72吸尘器锂电池 3.0Ah(Samsung),￥525.00,莯笙五金工具专营店,0条评价
代替dyson戴森V6系列 21.6V锂电池DC58 DC59 DC62 72吸尘器锂电池 2.5Ah(Samsung),￥468.00,莯笙五金工具专营店,0条评价
dyson戴森v6v8电池dc62 61 74 59 替代配件吸尘器锂电池充电器 戴森V8系列进口电芯5500毫安,￥648.00,涵之豪家装建材专营店,0条评价
dyson戴森v6v8电池dc62 61 74 59 替代配件吸尘器锂电池充电器 戴森V8系列进口电芯4800毫安,￥570.00,涵之豪家装建材专营店,0条评价
dyson戴森v6v8电池dc62 61 74 59 替代配件吸尘器锂电池充电器 戴森V8系列进口电芯3500毫安,￥493.00,涵之豪家装建材专营店,0条评价
dyson戴森v6v8电池dc62 61 74 59 替代配件吸尘器锂电池充电器 戴森V8系列进口电芯5500毫安,￥635.00,翔启家装建材专营店,0条评价
海澳德dyson戴森v6v8电池dc62 61 74 59 替代配件吸尘器锂电池充电器 戴森V8系列进口电芯5500毫安,￥660.96,海澳德五金工具旗舰店,0条评价
海澳德dyson戴森v6v8电池dc62 61 74 59 替代配件吸尘器锂电池充电器 戴森V8系列进口电芯3500毫安,￥502.86,海澳德五金工具旗舰店,0条评价
海澳德dyson戴森v6v8电池dc62 61 74 59 替代配件吸尘器锂电池充电器 戴森V8系列进口电芯4800毫安,￥581.40,海澳德五金工具旗舰店,0条评价
dyson戴森v6v8电池dc62 61 74 59 替代配件吸尘器锂电池充电器 戴森V8系列进口电芯5500毫安,￥1010.22,明净五金工具专营店,0条评价
dyson戴森v6v8电池dc62 61 74 59 替代配件吸尘器锂电池充电器 戴森V8系列进口电芯4800毫安,￥889.38,明净五金工具专营店,0条评价
dyson戴森v6v8电池dc62 61 74 59 替代配件吸尘器锂电池充电器 戴森V8系列进口电芯3500毫安,￥768.54,明净五金工具专营店,0条评价
dyson戴森v6v8电池dc62 61 74 59 替代配件吸尘器锂电池充电器 戴森V8系列进口电芯5500毫安,￥836.00,懿明杰针专卖店,0条评价
dyson戴森v6v8电池dc62 61 74 59 替代配件吸尘器锂电池充电器 戴森V8系列电芯5500毫安,￥648.00,一阵风家装建材专营店,0条评价
dyson戴森v6v8电池dc62 61 74 59 替代配件吸尘器锂电池充电器 戴森V8系列电芯4800毫安,￥570.00,一阵风家装建材专营店,0条评价
dyson戴森v6v8电池dc62 61 74 59 替代配件吸尘器锂电池充电器 戴森V8系列电芯3500毫安,￥493.00,一阵风家装建材专营店,0条评价
dyson戴森v6v8电池dc62 61 74 59 替代配件吸尘器锂电池充电器 戴森V8系列进口电芯4800毫安,￥559.00,翔启家装建材专营店,0条评价
dyson戴森v6v8电池dc62 61 74 59 替代配件吸尘器锂电池充电器 戴森V8系列进口电芯3500毫安,￥483.00,翔启家装建材专营店,0条评价
dyson戴森v6v8电池dc62 61 74 59 替代配件吸尘器锂电池充电器 戴森V8系列进口电芯5500毫安,￥836.00,千之湖五金工具专营店,0条评价
dyson戴森v6v8电池dc62 61 74 59 替代配件吸尘器锂电池充电器 戴森V8系列进口电芯3500毫安,￥636.00,千之湖五金工具专营店,0条评价
dyson戴森v6v8电池dc62 61 74 59 替代配件吸尘器锂电池充电器 戴森V8系列进口电芯4800毫安,￥736.00,千之湖五金工具专营店,0条评价
dyson戴森v6v8电池dc62 61 74 59 替代配件吸尘器锂电池充电器 戴森V8系列进口电芯4800毫安,￥542.00,耀之达五金工具专营店,0条评价
dyson戴森v6v8电池dc62 61 74 59 替代配件吸尘器锂电池充电器 戴森V8系列进口电芯5200毫安,￥916.74,吉又多五金专营店,0条评价
dyson戴森v6v8电池dc62 61 74 59 替代配件吸尘器锂电池充电器 戴森V8系列进口电芯4800毫安,￥827.64,吉又多五金专营店,0条评价
dyson戴森v6v8电池dc62 61 74 59 替代配件吸尘器锂电池充电器 戴森V8系列进口电芯3500毫安,￥728.64,吉又多五金专营店,0条评价
dyson戴森v6v8电池dc62 61 74 59 替代配件吸尘器锂电池充电器 戴森V8系列进口电芯5500毫安,￥648.00,熙迎五金工具专营店,0条评价
dyson戴森v6v8电池dc62 61 74 59 替代配件吸尘器锂电池充电器 戴森V8系列进口电芯4800毫安,￥570.00,熙迎五金工具专营店,0条评价
dyson戴森v6v8电池dc62 61 74 59 替代配件吸尘器锂电池充电器 戴森V8系列进口电芯3500毫安,￥493.00,熙迎五金工具专营店,0条评价
dyson戴森v6v8电池dc62 61 74 59 替代配件吸尘器锂电池充电器 戴森V8系列进口电芯3500毫安,￥493.00,极强五金工具专营店,20+条评价
dyson戴森v6v8电池dc62 61 74 59 替代配件吸尘器锂电池充电器 戴森V8系列进口电芯4800毫安,￥570.00,极强五金工具专营店,20+条评价
dyson戴森v6v8电池dc62 61 74 59 替代配件吸尘器锂电池充电器 戴森V8系列进口电芯5200毫安,￥926.00,丘苏五金工具专营店,10+条评价
dyson戴森v6v8电池dc62 61 74 59 替代配件吸尘器锂电池充电器 戴森V8系列进口电芯3500毫安,￥736.00,丘苏五金工具专营店,10+条评价
dyson戴森v6v8电池dc62 61 74 59 替代配件吸尘器锂电池充电器 戴森V8系列进口电芯4800毫安,￥836.00,丘苏五金工具专营店,10+条评价
￥641.70,￥713.00,dyson戴森v6v8电池dc62 61 74 59 替代配件吸尘器锂电池充电器 戴森V8系列进口电芯5500毫安,2人拼
￥564.20,￥627.00,dyson戴森v6v8电池dc62 61 74 59 替代配件吸尘器锂电池充电器 戴森V8系列进口电芯4800毫安,2人拼
￥487.80,￥542.00,dyson戴森v6v8电池dc62 61 74 59 替代配件吸尘器锂电池充电器 戴森V8系列进口电芯3500毫安,2人拼
dyson戴森v6v8电池dc62 61 74 59 替代配件吸尘器锂电池充电器 戴森V8系列进口电芯5200毫安,￥926.00,阳之飞家装建材专营店,0条评价
dyson戴森v6v8电池dc62 61 74 59 替代配件吸尘器锂电池充电器 戴森V8系列进口电芯3500毫安,￥736.00,阳之飞家装建材专营店,0条评价
dyson戴森v6v8电池dc62 61 74 59 替代配件吸尘器锂电池充电器 戴森V8系列进口电芯4800毫安,￥736.00,懿明杰针专卖店,0条评价
dyson戴森v6v8电池dc62 61 74 59 替代配件吸尘器锂电池充电器 戴森V8系列进口电芯3500毫安,￥636.00,懿明杰针专卖店,0条评价
dyson戴森v6v8电池dc62 61 74 59 替代配件吸尘器锂电池充电器 戴森V8系列进口电芯5500毫安,￥636.00,有雄五金工具专营店,0条评价
dyson戴森v6v8电池dc62 61 74 59 替代配件吸尘器锂电池充电器 戴森V8系列进口电芯5500毫安,￥616.00,耀之达五金工具专营店,0条评价
dyson戴森v6v8电池dc62 61 74 59 替代配件吸尘器锂电池充电器 戴森V8系列进口电芯4800毫安,￥559.00,有雄五金工具专营店,0条评价
dyson戴森v6v8电池dc62 61 74 59 替代配件吸尘器锂电池充电器 戴森V8系列进口电芯3500毫安,￥468.00,耀之达五金工具专营店,0条评价
dyson戴森v6v8电池dc62 61 74 59 替代配件吸尘器锂电池充电器 戴森V8系列进口电芯4800毫安,￥835.00,塔来家装建材专营店,0条评价
dyson戴森v6v8电池dc62 61 74 59 替代配件吸尘器锂电池充电器 戴森V8系列进口电芯5200毫安,￥925.00,塔来家装建材专营店,0条评价
dyson戴森v6v8电池dc62 61 74 59 替代配件吸尘器锂电池充电器 戴森V8系列进口电芯3500毫安,￥735.00,塔来家装建材专营店,0条评价
v6v8电池dc62 61 74 59 替代配件吸尘器锂电池充电器 戴森V8系列进口电芯4600毫安,￥752.40,生捷裕摘要专卖店,0条评价
v6v8电池dc62 61 74 59 替代配件吸尘器锂电池充电器 戴森V8系列进口电芯3500毫安,￥662.40,生捷裕摘要专卖店,0条评价
v6v8电池dc62 61 74 59 替代配件吸尘器锂电池充电器 戴森V8系列进口电芯2600毫安,￥572.40,生捷裕摘要专卖店,0条评价
dyson戴森v6v8电池dc62 61 74 59 替代配件吸尘器锂电池充电器 戴森V8系列电芯5500毫安,￥773.30,愚自知五金工具专营店,2条评价
dyson戴森v6v8电池dc62 61 74 59 替代配件吸尘器锂电池充电器 戴森V8系列电芯4800毫安,￥680.80,愚自知五金工具专营店,2条评价
dyson戴森v6v8电池dc62 61 74 59 替代配件吸尘器锂电池充电器 戴森V8系列电芯3500毫安,￥588.30,愚自知五金工具专营店,2条评价
dyson戴森v6v8电池dc62 61 74 59 替代配件吸尘器锂电池充电器 戴森V8系列进口电芯5500毫安,￥836.00,坤迟五金工具专营店,4条评价
dyson戴森v6v8电池dc62 61 74 59 替代配件吸尘器锂电池充电器 戴森V8系列进口电芯4800毫安,￥736.00,坤迟五金工具专营店,4条评价
dyson戴森v6v8电池dc62 61 74 59 替代配件吸尘器锂电池充电器 戴森V8系列进口电芯3500毫安,￥636.00,坤迟五金工具专营店,4条评价
￥612.00,￥680.00,dyson戴森v6v8电池dc62 61 74 59 替代配件吸尘器锂电池充电器 戴森V8系列进口电芯5500毫安,2人拼
￥539.10,￥599.00,dyson戴森v6v8电池dc62 61 74 59 替代配件吸尘器锂电池充电器 戴森V8系列进口电芯4800毫安,2人拼
￥466.20,￥518.00,dyson戴森v6v8电池dc62 61 74 59 替代配件吸尘器锂电池充电器 戴森V8系列进口电芯3500毫安,2人拼
￥765.50,￥850.63,dyson戴森v6v8电池dc62617459替代配件吸尘器锂电池充电器 戴森V8系列电芯5500毫安,2人拼
￥673.90,￥748.88,dyson戴森v6v8电池dc62617459替代配件吸尘器锂电池充电器 戴森V8系列电芯4800毫安,2人拼
￥582.40,￥647.13,dyson戴森v6v8电池dc62617459替代配件吸尘器锂电池充电器 戴森V8系列电芯3500毫安,2人拼
壹加壹 v6v8电池dc62 61 74 59 替代配件吸尘器锂电池充电器 戴森V8系列电芯5500毫安,￥735.00,氢哈家装建材旗舰店,0条评价
壹加壹 v6v8电池dc62 61 74 59 替代配件吸尘器锂电池充电器 戴森V8系列电芯4800毫安,￥647.00,氢哈家装建材旗舰店,0条评价
壹加壹 v6v8电池dc62 61 74 59 替代配件吸尘器锂电池充电器 戴森V8系列电芯3500毫安,￥559.00,氢哈家装建材旗舰店,0条评价
dyson戴森v6v8电池dc62 61 74 59 替代配件吸尘器锂电池充电器 戴森V8系列进口电芯3500毫安,￥636.00,禄之智家装建材专营店,0条评价
dyson戴森v6v8电池dc62 61 74 59 替代配件吸尘器锂电池充电器 戴森V8系列进口电芯5500毫安,￥827.64,禄之舟五金工具专营店,0条评价
dyson戴森v6v8电池dc62 61 74 59 替代配件吸尘器锂电池充电器 戴森V8系列进口电芯4800毫安,￥728.64,禄之舟五金工具专营店,0条评价
dyson戴森v6v8电池dc62 61 74 59 替代配件吸尘器锂电池充电器 戴森V8系列进口电芯3500毫安,￥629.64,禄之舟五金工具专营店,0条评价
dyson戴森v6v8电池dc62 61 74 59 替代配件吸尘器锂电池充电器 戴森V8系列进口电芯4800毫安,￥836.00,阳之飞家装建材专营店,0条评价
dyson戴森v6v8电池dc62 61 74 59 替代配件吸尘器锂电池充电器 戴森V8系列进口电芯3500毫安,￥484.00,有雄五金工具专营店,0条评价
dyson戴森v6v8电池dc62 61 74 59 替代配件吸尘器锂电池充电器 戴森V8系列进口电芯5500毫安,￥641.52,悠馨然家居专营店,0条评价
dyson戴森v6v8电池dc62 61 74 59 替代配件吸尘器锂电池充电器 戴森V8系列进口电芯4800毫安,￥564.30,悠馨然家居专营店,0条评价
dyson戴森v6v8电池dc62 61 74 59 替代配件吸尘器锂电池充电器 戴森V8系列进口电芯3500毫安,￥488.07,悠馨然家居专营店,0条评价
原厂盒装戴森dyson吸尘器V6V7V8V10系列挂架充电底座（配螺冒螺丝 原装盒装V7V8挂座(现货),￥556.00,旺之通礼品专营店,0条评价
原厂盒装戴森dyson吸尘器V6V7V8V10系列挂架充电底座（配螺冒螺丝 原装拆新机V10挂座(现货),￥436.00,旺之通礼品专营店,0条评价
戴森电池替代配件吸尘器锂电池充电器 戴森V8系列进口电芯5500毫安 专属您品质保障~对价格跟参数有歧义的商品以客服介绍为准！大型商品偏远地区运费咨询客服哦!,￥642.00,振宸五金工具专营店,0条评价
戴森电池替代配件吸尘器锂电池充电器 戴森V8系列进口电芯4800毫安 专属您品质保障~对价格跟参数有歧义的商品以客服介绍为准！大型商品偏远地区运费咨询客服哦!,￥564.00,振宸五金工具专营店,0条评价
戴森电池替代配件吸尘器锂电池充电器 戴森V8系列进口电芯3500毫安 专属您品质保障~对价格跟参数有歧义的商品以客服介绍为准！大型商品偏远地区运费咨询客服哦!,￥488.00,振宸五金工具专营店,0条评价
dyson戴森v6v8电池dc62 61 74 59 替代配件吸尘器锂电池充电器 戴森V8系列进口电芯4800毫安,￥542.00,新纪元家装建材专营店,0条评价
dyson戴森v6v8电池dc62 61 74 59 替代配件吸尘器锂电池充电器 戴森V8系列进口电芯5500毫安,￥616.00,新纪元家装建材专营店,0条评价
dyson戴森v6v8电池dc62 61 74 59 替代配件吸尘器锂电池充电器 戴森V8系列进口电芯5500毫安,￥836.00,禄之智家装建材专营店,0条评价
dyson戴森v6v8电池dc62 61 74 59 替代配件吸尘器锂电池充电器 戴森V8系列进口电芯4800毫安,￥736.00,禄之智家装建材专营店,0条评价
v6v8电池dc62 61 74 59 替代配件吸尘器锂电池充电器 戴森V8系列电芯5500毫安,￥1029.00,莲涛家装建材专营店,0条评价
v6v8电池dc62 61 74 59 替代配件吸尘器锂电池充电器 戴森V8系列电芯4800毫安,￥906.00,莲涛家装建材专营店,0条评价
v6v8电池dc62 61 74 59 替代配件吸尘器锂电池充电器 戴森V8系列电芯3500毫安,￥783.00,莲涛家装建材专营店,0条评价
v6v8电池dc62 61 74 59 替代配件吸尘器锂电池充电器 戴森V8系列进口电芯3500毫安,￥572.40,神斧伟特专卖店,0条评价
v6v8电池dc62 61 74 59 替代配件吸尘器锂电池充电器 戴森V8系列进口电芯5500毫安,￥752.40,神斧伟特专卖店,0条评价
v6v8电池dc62 61 74 59 替代配件吸尘器锂电池充电器 戴森V8系列进口电芯4800毫安,￥662.40,神斧伟特专卖店,0条评价
经海v6v8电池dc62 61 74 59 替代配件吸尘器锂电池充电器 戴森V8系列进口电芯5200毫安,￥907.50,云之锦装饰专营店,0条评价
经海v6v8电池dc62 61 74 59 替代配件吸尘器锂电池充电器 戴森V8系列进口电芯4800毫安,￥819.30,云之锦装饰专营店,0条评价
经海v6v8电池dc62 61 74 59 替代配件吸尘器锂电池充电器 戴森V8系列进口电芯3500毫安,￥721.30,云之锦装饰专营店,0条评价
dyson戴森v6v8电池dc62 61 74 59 替代配件吸尘器锂电池充电器 戴森V8系列进口电芯5500毫安,￥613.00,莲涛家装建材专营店,0条评价
dyson戴森v6v8电池dc62 61 74 59 替代配件吸尘器锂电池充电器 戴森V8系列进口电芯4800毫安,￥539.00,莲涛家装建材专营店,0条评价
dyson戴森v6v8电池dc62 61 74 59 替代配件吸尘器锂电池充电器 戴森V8系列进口电芯3500毫安,￥465.00,莲涛家装建材专营店,0条评价
dyson戴森v6v8电池dc62 61 74 59 替代配件吸尘器锂电池充电器 戴森V8系列进口电芯5500毫安,￥865.00,赞璐桐慧之佳专卖店,0条评价
dyson戴森v6v8电池dc62 61 74 59 替代配件吸尘器锂电池充电器 戴森V8系列进口电芯4800毫安,￥762.00,赞璐桐慧之佳专卖店,0条评价
dyson戴森v6v8电池dc62 61 74 59 替代配件吸尘器锂电池充电器 戴森V8系列进口电芯3500毫安,￥658.00,赞璐桐慧之佳专卖店,0条评价
原厂盒装戴森dyson吸尘器V6V7V8V10系列挂架充电底座（配螺冒螺丝 原装拆新机V6挂座(现货),￥336.00,旺之通礼品专营店,0条评价
dyson戴森v6v8电池dc62 61 74 59 替代配件吸尘器锂电池充电器 戴森V8系列进口电芯3500毫安,￥468.00,新纪元家装建材专营店,0条评价
dyson戴森v6v8电池dc62 61 74 59 替代配件吸尘器锂电池充电器 戴森V8系列进口电芯5500毫安,￥641.52,福全顺五金专营店,0条评价
dyson戴森v6v8电池dc62 61 74 59 替代配件吸尘器锂电池充电器 戴森V8系列进口电芯4800毫安,￥564.30,福全顺五金专营店,0条评价
dyson戴森v6v8电池dc62 61 74 59 替代配件吸尘器锂电池充电器 戴森V8系列进口电芯3500毫安,￥488.07,福全顺五金专营店,0条评价
dyson戴森v6v8电池dc62 61 74 59 替代配件吸尘器锂电池充电器 戴森V8系列电芯5500毫安,￥610.00,爱晚亭五金工具专营店,0条评价
dyson戴森v6v8电池dc62 61 74 59 替代配件吸尘器锂电池充电器 戴森V8系列电芯3500毫安,￥463.00,爱晚亭五金工具专营店,0条评价
dyson戴森v6v8电池dc62 61 74 59 替代配件吸尘器锂电池充电器 戴森V8系列电芯4800毫安,￥537.00,爱晚亭五金工具专营店,0条评价
dyson戴森v6v8电池dc62 61 74 59 替代配件吸尘器锂电池充电器GG 戴森V8系列进口电芯5500毫安,￥749.00,锦昱五金工具专营店,0条评价
dyson戴森v6v8电池dc62 61 74 59 替代配件吸尘器锂电池充电器GG 戴森V8系列进口电芯4800毫安,￥659.00,锦昱五金工具专营店,0条评价
dyson戴森v6v8电池dc62 61 74 59 替代配件吸尘器锂电池充电器GG 戴森V8系列进口电芯3500毫安,￥579.00,锦昱五金工具专营店,0条评价
dyson戴森v6v8电池dc62 61 74 59 替代配件吸尘器锂电池充电器 戴森V8系列进口电芯5200毫安,￥889.00,大野五金工具专营店,0条评价
dyson戴森v6v8电池dc62 61 74 59 替代配件吸尘器锂电池充电器 戴森V8系列进口电芯4800毫安,￥802.60,大野五金工具专营店,0条评价
dyson戴森v6v8电池dc62 61 74 59 替代配件吸尘器锂电池充电器 戴森V8系列进口电芯3500毫安,￥706.60,大野五金工具专营店,0条评价
dyson戴森v6v8电池dc62 61 74 59 替代配件吸尘器锂电池充电器-XR 戴森V8系列进口电芯5500毫安,￥747.00,展翅鸿业五金工具专营店,0条评价
dyson戴森v6v8电池dc62 61 74 59 替代配件吸尘器锂电池充电器-XR 戴森V8系列进口电芯4800毫安,￥658.00,展翅鸿业五金工具专营店,0条评价
dyson戴森v6v8电池dc62 61 74 59 替代配件吸尘器锂电池充电器-XR 戴森V8系列进口电芯3500毫安,￥568.00,展翅鸿业五金工具专营店,0条评价
dyson戴森v6v8电池dc62 61 74 59 替代配件吸尘器锂电池充电器 戴森V8系列进口电芯5200毫安,￥880.00,探优者五金工具旗舰店,0条评价
dyson戴森v6v8电池dc62 61 74 59 替代配件吸尘器锂电池充电器 戴森V8系列进口电芯4800毫安,￥794.00,探优者五金工具旗舰店,0条评价
dyson戴森v6v8电池dc62 61 74 59 替代配件吸尘器锂电池充电器 戴森V8系列进口电芯3500毫安,￥699.00,探优者五金工具旗舰店,0条评价
￥349.20,￥388.00,戴森v10吸尘器支架新品原厂盒装戴森dyson吸尘器V6V7V8V10系列挂架充电底座（配螺冒螺丝 原装拆新机V10挂座(现货),2人拼
￥439.20,￥488.00,戴森v10吸尘器支架新品原厂盒装戴森dyson吸尘器V6V7V8V10系列挂架充电底座（配螺冒螺丝 原装盒装V7V8挂座(现货),2人拼
￥268.20,￥298.00,戴森v10吸尘器支架新品原厂盒装戴森dyson吸尘器V6V7V8V10系列挂架充电底座（配螺冒螺丝 原装拆新机V6挂座(现货),2人拼
dyson戴森v6v8电池dc62 61 74 59 替代配件吸尘器锂电池充电器 戴森V8系列进口电芯5500毫安,￥613.00,澳元健梦建专卖店,0条评价
dyson戴森v6v8电池dc62 61 74 59 替代配件吸尘器锂电池充电器 戴森V8系列进口电芯4800毫安,￥539.00,澳元健梦建专卖店,0条评价
dyson戴森v6v8电池dc62 61 74 59 替代配件吸尘器锂电池充电器 戴森V8系列进口电芯3500毫安,￥465.00,澳元健梦建专卖店,0条评价
适配兼容戴森锂电池吸尘器v6v8非电池替代品配件充电器 戴森V8系列电芯5500毫安,￥913.20,嘉丰家装建材专营店,0条评价
适配兼容戴森锂电池吸尘器v6v8非电池替代品配件充电器 戴森V8系列电芯4800毫安,￥804.00,嘉丰家装建材专营店,0条评价
适配兼容戴森锂电池吸尘器v6v8非电池替代品配件充电器 戴森V8系列电芯3500毫安,￥694.70,嘉丰家装建材专营店,0条评价
适配兼容戴森锂电池吸尘器v6v8非电池替代品配件充电器 戴森V8系列电芯5500毫安,￥874.80,荣协家装建材专营店,0条评价
适配兼容戴森锂电池吸尘器v6v8非电池替代品配件充电器 戴森V8系列电芯4800毫安,￥770.10,荣协家装建材专营店,0条评价
适配兼容戴森锂电池吸尘器v6v8非电池替代品配件充电器 戴森V8系列电芯3500毫安,￥665.50,荣协家装建材专营店,0条评价
适配兼容戴森锂电池吸尘器v6v8非电池替代品配件充电器 戴森V8系列电芯4800毫安,￥1027.00,旭通家装建材专营店,0条评价
适配兼容戴森锂电池吸尘器v6v8非电池替代品配件充电器 戴森V8系列电芯3500毫安,￥888.00,旭通家装建材专营店,0条评价
适配兼容戴森锂电池吸尘器v6v8非电池替代品配件充电器 戴森V8系列电芯5500毫安,￥1168.00,旭通家装建材专营店,0条评价
适配兼容戴森锂电池吸尘器v6v8非电池替代品配件充电器 戴森V8系列电芯5500毫安,￥913.20,玮杰家装建材专营店,0条评价
适配兼容戴森锂电池吸尘器v6v8非电池替代品配件充电器 戴森V8系列电芯4800毫安,￥804.00,玮杰家装建材专营店,0条评价
适配兼容戴森锂电池吸尘器v6v8非电池替代品配件充电器 戴森V8系列电芯3500毫安,￥694.70,玮杰家装建材专营店,0条评价
￥1470.70,￥1634.21,适配兼容戴森锂电池吸尘器v6v8非电池替代品配件充电器 戴森V8系列电芯5500毫安,2人拼
￥1294.80,￥1438.71,适配兼容戴森锂电池吸尘器v6v8非电池替代品配件充电器 戴森V8系列电芯4800毫安,2人拼
￥1118.80,￥1243.21,适配兼容戴森锂电池吸尘器v6v8非电池替代品配件充电器 戴森V8系列电芯3500毫安,2人拼
适配兼容戴森锂电池吸尘器v6v8非电池替代品配件充电器 戴森V8系列电芯5500毫安,￥1057.42,宸宸家装建材专营店,0条评价
适配兼容戴森锂电池吸尘器v6v8非电池替代品配件充电器 戴森V8系列电芯4800毫安,￥930.92,宸宸家装建材专营店,0条评价
适配兼容戴森锂电池吸尘器v6v8非电池替代品配件充电器 戴森V8系列电芯3500毫安,￥804.42,宸宸家装建材专营店,0条评价
适配兼容戴森锂电池吸尘器v6v8非电池替代品配件充电器 戴森V8系列电芯5500毫安,￥1057.42,智高家装建材专营店,0条评价
适配兼容戴森锂电池吸尘器v6v8非电池替代品配件充电器 戴森V8系列电芯4800毫安,￥930.92,智高家装建材专营店,0条评价
适配兼容戴森锂电池吸尘器v6v8非电池替代品配件充电器 戴森V8系列电芯3500毫安,￥804.42,智高家装建材专营店,0条评价
适配兼容戴森锂电池吸尘器v6v8非电池替代品配件充电器 戴森V8系列电芯5500毫安,￥942.10,顺达家装建材专营店,0条评价
适配兼容戴森锂电池吸尘器v6v8非电池替代品配件充电器 戴森V8系列电芯4800毫安,￥829.40,顺达家装建材专营店,0条评价
适配兼容戴森锂电池吸尘器v6v8非电池替代品配件充电器 戴森V8系列电芯3500毫安,￥716.70,顺达家装建材专营店,0条评价
￥472.00,￥525.00,代替dyson戴森V6系列 21.6V锂电池DC58 DC59 DC62 72吸尘器锂电池 3.0Ah(Samsung),2人拼
￥421.00,￥468.00,代替dyson戴森V6系列 21.6V锂电池DC58 DC59 DC62 72吸尘器锂电池 2.5Ah(Samsung),2人拼
￥336.00,￥374.00,代替dyson戴森V6系列 21.6V锂电池DC58 DC59 DC62 72吸尘器锂电池 2.0Ah(Samsung),2人拼
适用dyson戴森吸尘器V6电池充电器dc62 58 59 74sv09 10替代充电配件 戴森V6系列3500Ah毫安电池,￥405.35,赫兴家装建材专营店,3条评价
适配兼容戴森锂电池吸尘器v6v8非电池替代品配件充电器 戴森V8系列电芯5500毫安,￥961.00,金荣家装建材专营店,0条评价
适配兼容戴森锂电池吸尘器v6v8非电池替代品配件充电器 戴森V8系列电芯4800毫安,￥846.00,金荣家装建材专营店,0条评价
适配兼容戴森锂电池吸尘器v6v8非电池替代品配件充电器 戴森V8系列电芯3500毫安,￥731.00,金荣家装建材专营店,0条评价
适配兼容戴森锂电池吸尘器v6v8非电池替代品配件充电器 戴森V8系列电芯5500毫安,￥1004.56,荣祥家装建材专营店,0条评价
适配兼容戴森锂电池吸尘器v6v8非电池替代品配件充电器 戴森V8系列电芯4800毫安,￥884.38,荣祥家装建材专营店,0条评价
适配兼容戴森锂电池吸尘器v6v8非电池替代品配件充电器 戴森V8系列电芯3500毫安,￥764.21,荣祥家装建材专营店,0条评价
适配兼容戴森锂电池吸尘器v6v8非电池替代品配件充电器 戴森V8系列电芯5500毫安,￥961.30,莉晶家装建材专营店,0条评价
适配兼容戴森锂电池吸尘器v6v8非电池替代品配件充电器 戴森V8系列电芯4800毫安,￥846.30,莉晶家装建材专营店,2条评价
适配兼容戴森锂电池吸尘器v6v8非电池替代品配件充电器 戴森V8系列电芯3500毫安,￥731.30,莉晶家装建材专营店,0条评价
适用dyson戴森吸尘器V6电池充电器dc62 58 59 74sv09 10替代充电配件 戴森V6系列4600Ah毫安电池,￥469.48,赫兴家装建材专营店,2条评价
适配兼容戴森锂电池吸尘器v6v8非电池替代品配件充电器 戴森V8系列电芯5500毫安,￥894.01,文龙家装建材专营店,0条评价
适配兼容戴森锂电池吸尘器v6v8非电池替代品配件充电器 戴森V8系列电芯4800毫安,￥787.06,文龙家装建材专营店,0条评价
适配兼容戴森锂电池吸尘器v6v8非电池替代品配件充电器 戴森V8系列电芯3500毫安,￥680.11,文龙家装建材专营店,0条评价
适配兼容戴森锂电池吸尘器v6v8非电池替代品配件充电器 戴森V8系列电芯5500毫安,￥903.62,源浩家装建材专营店,0条评价
适配兼容戴森锂电池吸尘器v6v8非电池替代品配件充电器 戴森V8系列电芯4800毫安,￥795.52,源浩家装建材专营店,0条评价
适配兼容戴森锂电池吸尘器v6v8非电池替代品配件充电器 戴森V8系列电芯3500毫安,￥687.42,源浩家装建材专营店,0条评价
适配兼容戴森锂电池吸尘器v6v8非电池替代品配件充电器 戴森V8系列电芯5500毫安,￥942.07,吉又多家装建材专营店,0条评价
适配兼容戴森锂电池吸尘器v6v8非电池替代品配件充电器 戴森V8系列电芯4800毫安,￥829.37,吉又多家装建材专营店,0条评价
适配兼容戴森锂电池吸尘器v6v8非电池替代品配件充电器 戴森V8系列电芯3500毫安,￥716.67,吉又多家装建材专营店,0条评价
￥609.10,￥1296.00,dyson戴森v6v8电池dc62 61 74 59 替代配件吸尘器锂电池充电器 戴森V8系列进口电芯5500毫安,2人拼
￥535.70,￥1140.00,dyson戴森v6v8电池dc62 61 74 59 替代配件吸尘器锂电池充电器 戴森V8系列进口电芯4800毫安,2人拼
￥463.40,￥986.00,dyson戴森v6v8电池dc62 61 74 59 替代配件吸尘器锂电池充电器 戴森V8系列进口电芯3500毫安,2人拼
适用dyson戴森吸尘器V6电池充电器dc62 58 59 74sv09 10替代充电配件 戴森V6系列2600Ah毫安电池,￥309.76,赫兴家装建材专营店,2条评价
￥658.80,￥732.00,dyson戴森v6v8电池dc62 61 74 59 替代配件吸尘器锂电池充电器 戴森V8系列电芯5500毫安,2人拼
￥579.90,￥644.40,dyson戴森v6v8电池dc62 61 74 59 替代配件吸尘器锂电池充电器 戴森V8系列电芯4800毫安,2人拼
￥500.00,￥555.60,dyson戴森v6v8电池dc62 61 74 59 替代配件吸尘器锂电池充电器 戴森V8系列电芯3500毫安,2人拼
dyson戴森v6v8电池dc62 61 74 59 替代配件吸尘器锂电池充电器 戴森V8系列进口电芯4800毫安,￥564.30,哆来咪发家装建材专营店,0条评价
dyson戴森v6v8电池dc62 61 74 59 替代配件吸尘器锂电池充电器 戴森V8系列进口电芯3500毫安,￥488.10,哆来咪发家装建材专营店,0条评价
dyson戴森v6v8电池dc62 61 74 59 替代配件吸尘器锂电池充电器 戴森V8系列进口电芯5500毫安,￥641.50,哆来咪发家装建材专营店,0条评价
￥709.50,￥788.40,非原装 兼容dyson戴森吸尘器v6v8替代品电池 锂电池充电器 兼容戴森V8系列7680Ah毫安电池 非原装,2人拼
￥644.70,￥716.40,非原装 兼容dyson戴森吸尘器v6v8替代品电池 锂电池充电器 兼容戴森V8系列6200Ah毫安电池 非原装,2人拼
￥547.50,￥608.40,非原装 兼容dyson戴森吸尘器v6v8替代品电池 锂电池充电器 兼容戴森V8系列5500Ah毫安电池 非原装,2人拼
￥486.00,￥540.00,非原装 兼容dyson戴森吸尘器v6v8替代品电池 锂电池充电器 兼容戴森V8系列4800Ah毫安电池 非原装,2人拼
￥482.70,￥536.40,非原装 兼容dyson戴森吸尘器v6v8替代品电池 锂电池充电器 兼容戴森V6系列7680Ah毫安电池 非原装,2人拼
￥466.50,￥518.40,非原装 兼容dyson戴森吸尘器v6v8替代品电池 锂电池充电器 兼容戴森V8系列4200Ah毫安电池 非原装,2人拼
￥434.10,￥482.40,非原装 兼容dyson戴森吸尘器v6v8替代品电池 锂电池充电器 兼容戴森V6系列6200Ah毫安电池 非原装,2人拼
￥387.10,￥430.20,非原装 兼容dyson戴森吸尘器v6v8替代品电池 锂电池充电器 兼容戴森V6系列5500Ah毫安电池 非原装,2人拼
￥304.50,￥338.40,非原装 兼容dyson戴森吸尘器v6v8替代品电池 锂电池充电器 兼容戴森V6系列4800Ah毫安电池 非原装,2人拼
￥257.50,￥286.20,非原装 兼容dyson戴森吸尘器v6v8替代品电池 锂电池充电器 兼容戴森V6系列4200Ah毫安电池 非原装,2人拼
定做非 兼容dyson戴森吸尘器v6v8替代品电池 锂电池充电器 兼容戴森V8系列7680Ah毫安电池 非原装,￥744.60,生聚荣卓之达专卖店,0条评价
定做非 兼容dyson戴森吸尘器v6v8替代品电池 锂电池充电器 兼容戴森V8系列6200Ah毫安电池 非原装,￥676.60,生聚荣卓之达专卖店,0条评价
定做非 兼容dyson戴森吸尘器v6v8替代品电池 锂电池充电器 兼容戴森V8系列5500Ah毫安电池 非原装,￥574.60,生聚荣卓之达专卖店,0条评价
定做非 兼容dyson戴森吸尘器v6v8替代品电池 锂电池充电器 兼容戴森V8系列4800Ah毫安电池 非原装,￥510.00,生聚荣卓之达专卖店,0条评价
定做非 兼容dyson戴森吸尘器v6v8替代品电池 锂电池充电器 兼容戴森V6系列7680Ah毫安电池 非原装,￥506.60,生聚荣卓之达专卖店,0条评价
定做非 兼容dyson戴森吸尘器v6v8替代品电池 锂电池充电器 兼容戴森V8系列4200Ah毫安电池 非原装,￥489.60,生聚荣卓之达专卖店,0条评价
定做非 兼容dyson戴森吸尘器v6v8替代品电池 锂电池充电器 兼容戴森V6系列6200Ah毫安电池 非原装,￥455.60,生聚荣卓之达专卖店,0条评价
定做非 兼容dyson戴森吸尘器v6v8替代品电池 锂电池充电器 兼容戴森V6系列5500Ah毫安电池 非原装,￥406.30,生聚荣卓之达专卖店,0条评价
定做非 兼容dyson戴森吸尘器v6v8替代品电池 锂电池充电器 兼容戴森V6系列4800Ah毫安电池 非原装,￥319.60,生聚荣卓之达专卖店,0条评价
定做非 兼容dyson戴森吸尘器v6v8替代品电池 锂电池充电器 兼容戴森V6系列4200Ah毫安电池 非原装,￥270.30,生聚荣卓之达专卖店,0条评价
Dyson戴森吸尘器 真空分离气旋 V8 V7系列气旋保障 冰箱上配件不参加满百包邮活动~下单前请咨询客服！！,￥557.00,旺之通礼品专营店,0条评价
￥741.09,￥823.44,非 兼容dyson戴森吸尘器v6v8替代品电池 锂电池充电器 兼容戴森V8系列7680Ah毫安电池 非原装,2人拼
￥318.09,￥353.44,非 兼容dyson戴森吸尘器v6v8替代品电池 锂电池充电器 兼容戴森V6系列4800Ah毫安电池 非原装,2人拼
￥269.02,￥298.92,非 兼容dyson戴森吸尘器v6v8替代品电池 锂电池充电器 兼容戴森V6系列4200Ah毫安电池 非原装,2人拼
￥673.41,￥748.24,非 兼容dyson戴森吸尘器v6v8替代品电池 锂电池充电器 兼容戴森V8系列6200Ah毫安电池 非原装,2人拼
￥571.89,￥635.44,非 兼容dyson戴森吸尘器v6v8替代品电池 锂电池充电器 兼容戴森V8系列5500Ah毫安电池 非原装,2人拼
￥507.60,￥564.00,非 兼容dyson戴森吸尘器v6v8替代品电池 锂电池充电器 兼容戴森V8系列4800Ah毫安电池 非原装,2人拼
￥504.21,￥560.24,非 兼容dyson戴森吸尘器v6v8替代品电池 锂电池充电器 兼容戴森V6系列7680Ah毫安电池 非原装,2人拼
￥487.29,￥541.44,非 兼容dyson戴森吸尘器v6v8替代品电池 锂电池充电器 兼容戴森V8系列4200Ah毫安电池 非原装,2人拼
￥453.45,￥503.84,非 兼容dyson戴森吸尘器v6v8替代品电池 锂电池充电器 兼容戴森V6系列6200Ah毫安电池 非原装,2人拼
￥404.38,￥449.32,非 兼容dyson戴森吸尘器v6v8替代品电池 锂电池充电器 兼容戴森V6系列5500Ah毫安电池 非原装,2人拼
梓桥非原装 兼容dyson戴森吸尘器v6v8替代品电池 德韵锂电池充电器 兼容戴森V6系列4800Ah毫安电池 非原装,￥338.40,梓桥五金工具专营店,0条评价
梓桥非原装 兼容dyson戴森吸尘器v6v8替代品电池 德韵锂电池充电器 兼容戴森V6系列4200Ah毫安电池 非原装,￥286.20,梓桥五金工具专营店,0条评价
梓桥非原装 兼容dyson戴森吸尘器v6v8替代品电池 德韵锂电池充电器 兼容戴森V8系列6200Ah毫安电池 非原装,￥716.40,梓桥五金工具专营店,0条评价
梓桥非原装 兼容dyson戴森吸尘器v6v8替代品电池 德韵锂电池充电器 兼容戴森V8系列5500Ah毫安电池 非原装,￥608.40,梓桥五金工具专营店,0条评价
梓桥非原装 兼容dyson戴森吸尘器v6v8替代品电池 德韵锂电池充电器 兼容戴森V8系列4800Ah毫安电池 非原装,￥540.00,梓桥五金工具专营店,0条评价
梓桥非原装 兼容dyson戴森吸尘器v6v8替代品电池 德韵锂电池充电器 兼容戴森V8系列4200Ah毫安电池 非原装,￥518.40,梓桥五金工具专营店,0条评价
梓桥非原装 兼容dyson戴森吸尘器v6v8替代品电池 德韵锂电池充电器 兼容戴森V6系列6200Ah毫安电池 非原装,￥482.40,梓桥五金工具专营店,0条评价
梓桥非原装 兼容dyson戴森吸尘器v6v8替代品电池 德韵锂电池充电器 兼容戴森V6系列5500Ah毫安电池 非原装,￥430.20,梓桥五金工具专营店,0条评价
￥418.00,￥818.00,适用于戴森dyson手持吸尘器V6 DC62 74 V6 V7V8V10系列挂架充电底座充电挂座芯奢 盒装V7 V8挂座,2人拼
￥278.00,￥538.00,适用于戴森dyson手持吸尘器V6 DC62 74 V6 V7V8V10系列挂架充电底座充电挂座芯奢 袋装V6挂座,2人拼
￥591.30,￥657.00,2019非原装 兼容dyson戴森吸尘器v6v8替代品电池 锂电池充电器放心购 兼容戴森V8系列7680Ah毫安电池 非原装,2人拼
￥537.30,￥597.00,2019非原装 兼容dyson戴森吸尘器v6v8替代品电池 锂电池充电器放心购 兼容戴森V8系列6200Ah毫安电池 非原装,2人拼
￥456.30,￥507.00,2019非原装 兼容dyson戴森吸尘器v6v8替代品电池 锂电池充电器放心购 兼容戴森V8系列5500Ah毫安电池 非原装,2人拼
￥405.00,￥450.00,2019非原装 兼容dyson戴森吸尘器v6v8替代品电池 锂电池充电器放心购 兼容戴森V8系列4800Ah毫安电池 非原装,2人拼
￥402.30,￥447.00,2019非原装 兼容dyson戴森吸尘器v6v8替代品电池 锂电池充电器放心购 兼容戴森V6系列7680Ah毫安电池 非原装,2人拼
￥388.80,￥432.00,2019非原装 兼容dyson戴森吸尘器v6v8替代品电池 锂电池充电器放心购 兼容戴森V8系列4200Ah毫安电池 非原装,2人拼
￥361.80,￥402.00,2019非原装 兼容dyson戴森吸尘器v6v8替代品电池 锂电池充电器放心购 兼容戴森V6系列6200Ah毫安电池 非原装,2人拼
￥322.60,￥358.50,2019非原装 兼容dyson戴森吸尘器v6v8替代品电池 锂电池充电器放心购 兼容戴森V6系列5500Ah毫安电池 非原装,2人拼
￥253.80,￥282.00,2019非原装 兼容dyson戴森吸尘器v6v8替代品电池 锂电池充电器放心购 兼容戴森V6系列4800Ah毫安电池 非原装,2人拼
￥214.60,￥238.50,2019非原装 兼容dyson戴森吸尘器v6v8替代品电池 锂电池充电器放心购 兼容戴森V6系列4200Ah毫安电池 非原装,2人拼
￥431.80,￥508.00,昭志五金dyson戴森吸尘器V6V8电池充电器dc62 58 59 74sv0910替代充电配件 戴森V6系列4800Ah毫安电池,2人拼
￥419.00,￥818.00,适用于戴森dyson手持吸尘器V6 DC62 74 V6 V7V8V10系列挂架充电底座充电挂座 盒装V7 V8挂座,2人拼
￥279.00,￥538.00,适用于戴森dyson手持吸尘器V6 DC62 74 V6 V7V8V10系列挂架充电底座充电挂座 袋装V6挂座,2人拼
￥269.00,￥529.00,适用于戴森dyson手持吸尘器V6 DC62 74 V6 V7V8V10系列挂架充电底座充电挂座彩寇 袋装V6挂座,2人拼
￥409.00,￥809.00,适用于戴森dyson手持吸尘器V6 DC62 74 V6 V7V8V10系列挂架充电底座充电挂座彩寇 盒装V7 V8挂座,2人拼
适用于戴森dyson手持吸尘器V6 DC62 74 V6 V7V8V10系列挂架充电底座充电挂座 袋装V6挂座,￥289.00,百福堂箱包专营店,0条评价
适用于戴森dyson手持吸尘器V6 DC62 74 V6 V7V8V10系列挂架充电底座充电挂座 盒装V7 V8挂座,￥449.00,百福堂箱包专营店,0条评价
￥653.70,￥726.40,非原装 兼容dyson戴森吸尘器v6v8替代品电池 德韵锂电池充电器 兼容戴森V8系列6200Ah毫安电池 非原装,2人拼
￥396.10,￥440.20,非原装 兼容dyson戴森吸尘器v6v8替代品电池 德韵锂电池充电器 兼容戴森V6系列5500Ah毫安电池 非原装,2人拼
￥475.50,￥528.40,非原装 兼容dyson戴森吸尘器v6v8替代品电池 德韵锂电池充电器 兼容戴森V8系列4200Ah毫安电池 非原装,2人拼
￥313.50,￥348.40,非原装 兼容dyson戴森吸尘器v6v8替代品电池 德韵锂电池充电器 兼容戴森V6系列4800Ah毫安电池 非原装,2人拼
￥495.00,￥550.00,非原装 兼容dyson戴森吸尘器v6v8替代品电池 德韵锂电池充电器 兼容戴森V8系列4800Ah毫安电池 非原装,2人拼
￥556.50,￥618.40,非原装 兼容dyson戴森吸尘器v6v8替代品电池 德韵锂电池充电器 兼容戴森V8系列5500Ah毫安电池 非原装,2人拼
￥443.10,￥492.40,非原装 兼容dyson戴森吸尘器v6v8替代品电池 德韵锂电池充电器 兼容戴森V6系列6200Ah毫安电池 非原装,2人拼
￥266.50,￥296.20,非原装 兼容dyson戴森吸尘器v6v8替代品电池 德韵锂电池充电器 兼容戴森V6系列4200Ah毫安电池 非原装,2人拼
￥415.50,￥819.00,适用于戴森dyson手持吸尘器V6 DC62 74 V6 V7V8V10系列挂架充电底座充电挂座 盒装V7 V8挂座,2人拼
￥275.50,￥539.00,适用于戴森dyson手持吸尘器V6 DC62 74 V6 V7V8V10系列挂架充电底座充电挂座 袋装V6挂座,2人拼
￥464.70,￥516.43,dyson戴森吸尘器V6电池充电器dc62585974sv0910替代充电配件 戴森V6系列4600Ah毫安电池,2人拼
￥401.20,￥445.88,dyson戴森吸尘器V6电池充电器dc62585974sv0910替代充电配件 戴森V6系列3500Ah毫安电池,2人拼
￥306.60,￥340.74,dyson戴森吸尘器V6电池充电器dc62585974sv0910替代充电配件 戴森V6系列2600Ah毫安电池,2人拼
适用戴森无线吸尘器家用手持吸头刷头过滤网V6/V7/V8/V10/DC系列配件 戴森硬毛刷(宽),￥45.00,赫兴家装建材专营店,0条评价
适用戴森无线吸尘器家用手持吸头刷头过滤网V6/V7/V8/V10/DC系列配件 戴森7件套,￥169.20,赫兴家装建材专营店,0条评价
适用戴森无线吸尘器家用手持吸头刷头过滤网V6/V7/V8/V10/DC系列配件 戴森可弯曲刷头,￥86.40,赫兴家装建材专营店,0条评价
适用戴森无线吸尘器家用手持吸头刷头过滤网V6/V7/V8/V10/DC系列配件 戴森4件套,￥115.20,赫兴家装建材专营店,0条评价
适用戴森无线吸尘器家用手持吸头刷头过滤网V6/V7/V8/V10/DC系列配件 戴森前置滤网(2个装),￥140.40,赫兴家装建材专营店,0条评价
适用戴森无线吸尘器家用手持吸头刷头过滤网V6/V7/V8/V10/DC系列配件 戴森宠物刷,￥140.40,赫兴家装建材专营店,0条评价
适用戴森无线吸尘器家用手持吸头刷头过滤网V6/V7/V8/V10/DC系列配件 戴森前置滤网(1个装),￥79.20,赫兴家装建材专营店,0条评价
适用戴森无线吸尘器家用手持吸头刷头过滤网V6/V7/V8/V10/DC系列配件 戴森长扁吸,￥45.00,赫兴家装建材专营店,0条评价
适用戴森无线吸尘器家用手持吸头刷头过滤网V6/V7/V8/V10/DC系列配件 戴森拆卸工具,￥32.40,赫兴家装建材专营店,0条评价
适用戴森无线吸尘器家用手持吸头刷头过滤网V6/V7/V8/V10/DC系列配件 戴森圆刷,￥45.00,赫兴家装建材专营店,0条评价
适用戴森无线吸尘器家用手持吸头刷头过滤网V6/V7/V8/V10/DC系列配件 戴森床褥吸头,￥45.00,赫兴家装建材专营店,0条评价
适用戴森无线吸尘器家用手持吸头刷头过滤网V6/V7/V8/V10/DC系列配件 戴森5件套,￥133.20,赫兴家装建材专营店,0条评价
适用戴森无线吸尘器家用手持吸头刷头过滤网V6/V7/V8/V10/DC系列配件 戴森硬毛刷(窄),￥45.00,赫兴家装建材专营店,0条评价
适用戴森无线吸尘器家用手持吸头刷头过滤网V6/V7/V8/V10/DC系列配件 戴森6件套,￥151.20,赫兴家装建材专营店,0条评价
适用戴森无线吸尘器家用手持吸头刷头过滤网V6/V7/V8/V10/DC系列配件 戴森3件套,￥97.20,赫兴家装建材专营店,0条评价
dyson戴森吸尘器V6电池充电器dc62 58 59 74sv09 10替代充电配件 戴森V6系列4600Ah毫安电池,￥469.00,致拾家装建材专营店,0条评价
dyson戴森吸尘器V6电池充电器dc62 58 59 74sv09 10替代充电配件 戴森V6系列2600Ah毫安电池,￥310.00,致拾家装建材专营店,0条评价
dyson戴森吸尘器V6电池充电器dc62 58 59 74sv09 10替代充电配件 戴森V6系列3500Ah毫安电池,￥405.00,致拾家装建材专营店,0条评价
dyson戴森吸尘器V6电池充电器dc62 58 59 74sv09 10替代充电配件 戴森V6系列4600Ah毫安电池,￥469.48,柏创家装建材专营店,0条评价
dyson戴森吸尘器V6电池充电器dc62 58 59 74sv09 10替代充电配件 戴森V6系列3500Ah毫安电池,￥405.35,柏创家装建材专营店,0条评价
dyson戴森吸尘器V6电池充电器dc62 58 59 74sv09 10替代充电配件 戴森V6系列2600Ah毫安电池,￥309.76,柏创家装建材专营店,0条评价
适用于戴森dyson手持吸尘器V6 DC62 74 V6 V7V8V10系列挂架充电底座充电挂座 盒装V7 V8挂座,￥411.00,铭兰户外装备专营店,0条评价
dyson戴森吸尘器V6电池充电器dc62 58 59 74sv09 10替代充电配件 戴森V6系列3500Ah毫安电池,￥401.30,锐彩工业品专营店,0条评价
dyson戴森吸尘器V6电池充电器dc62 58 59 74sv09 10替代充电配件 戴森V6系列4600Ah毫安电池,￥464.79,锐彩工业品专营店,0条评价
适配兼容戴森锂电池吸尘器v6v8非电池替代品配件充电器 戴森V8系列电芯5500毫安,￥1153.56,富兴宝五金工具拼购专营店,0条评价
适配兼容戴森锂电池吸尘器v6v8非电池替代品配件充电器 戴森V8系列电芯4800毫安,￥1015.56,富兴宝五金工具拼购专营店,0条评价
适配兼容戴森锂电池吸尘器v6v8非电池替代品配件充电器 戴森V8系列电芯3500毫安,￥877.56,富兴宝五金工具拼购专营店,0条评价
适配兼容戴森锂电池吸尘器v6v8非电池替代品配件充电器 戴森V8系列电芯4800毫安,￥875.54,简牧家装建材专营店,0条评价
适配兼容戴森锂电池吸尘器v6v8非电池替代品配件充电器 戴森V8系列电芯5500毫安,￥994.51,简牧家装建材专营店,0条评价
吸尘器V6电池充电器dc62 58 59 74sv09 10替代充电配件 戴森V6系列4600Ah毫安电池,￥468.00,皋阳家装建材专营店,0条评价
吸尘器V6电池充电器dc62 58 59 74sv09 10替代充电配件 戴森V6系列3500Ah毫安电池,￥404.00,皋阳家装建材专营店,0条评价
适用dyson戴森吸尘器V6电池充电器dc62 58 59 74sv09 10替代充电配件 戴森V6系列4600Ah毫安电池,￥474.17,宇纳五金工具专营店,0条评价
适用dyson戴森吸尘器V6电池充电器dc62 58 59 74sv09 10替代充电配件 戴森V6系列3500Ah毫安电池,￥409.40,宇纳五金工具专营店,0条评价
适用dyson戴森吸尘器V6电池充电器dc62 58 59 74sv09 10替代充电配件 戴森V6系列2600Ah毫安电池,￥312.86,宇纳五金工具专营店,0条评价
适配兼容戴森锂电池吸尘器v6v8非电池替代品配件充电器 戴森V8系列电芯4800毫安,￥829.40,翔飞家装建材专营店,0条评价
适配兼容戴森锂电池吸尘器v6v8非电池替代品配件充电器 戴森V8系列电芯5500毫安,￥942.10,翔飞家装建材专营店,0条评价
dyson戴森吸尘器V6电池充电器dc62 58 59 74sv09 10替代充电配件 戴森V6系列4600Ah毫安电池,￥469.48,奥斯维五金专营店,0条评价
dyson戴森吸尘器V6电池充电器dc62 58 59 74sv09 10替代充电配件 戴森V6系列3500Ah毫安电池,￥405.35,奥斯维五金专营店,0条评价
dyson戴森吸尘器V6电池充电器dc62 58 59 74sv09 10替代充电配件 戴森V6系列2600Ah毫安电池,￥309.76,奥斯维五金专营店,0条评价
适用于戴森dyson手持吸尘器V6 DC62 74 V6 V7V8V10系列挂架充电底座充电挂座 袋装V6挂座,￥273.00,铭兰户外装备专营店,0条评价
适用于戴森dyson手持吸尘器V6 DC62 74 V6 V7V8V10系列挂架充电底座充电挂座 盒装V10挂座,￥322.00,铭兰户外装备专营店,0条评价
无线吸尘器家用手持吸头刷头过滤网V6/V7/V8/V10/DC系列配件 戴森7件套 本店部分商品为定制商品，部分商品自提，偏远地区需补运费，出售产品吊牌并非统一，部分产品是本店自主品牌，详情请咨询客服，私自下单表示认同，不接受反驳不作为赔偿依据,￥148.52,淘易鑫工具专营店,0条评价
无线吸尘器家用手持吸头刷头过滤网V6/V7/V8/V10/DC系列配件 戴森6件套 本店部分商品为定制商品，部分商品自提，偏远地区需补运费，出售产品吊牌并非统一，部分产品是本店自主品牌，详情请咨询客服，私自下单表示认同，不接受反驳不作为赔偿依据,￥132.72,淘易鑫工具专营店,0条评价
无线吸尘器家用手持吸头刷头过滤网V6/V7/V8/V10/DC系列配件 戴森前置滤网(2个装),￥123.24,淘易鑫工具专营店,0条评价
无线吸尘器家用手持吸头刷头过滤网V6/V7/V8/V10/DC系列配件 戴森宠物刷,￥123.24,淘易鑫工具专营店,0条评价
无线吸尘器家用手持吸头刷头过滤网V6/V7/V8/V10/DC系列配件 戴森5件套 本店部分商品为定制商品，部分商品自提，偏远地区需补运费，出售产品吊牌并非统一，部分产品是本店自主品牌，详情请咨询客服，私自下单表示认同，不接受反驳不作为赔偿依据,￥116.92,淘易鑫工具专营店,0条评价
无线吸尘器家用手持吸头刷头过滤网V6/V7/V8/V10/DC系列配件 戴森4件套 本店部分商品为定制商品，部分商品自提，偏远地区需补运费，出售产品吊牌并非统一，部分产品是本店自主品牌，详情请咨询客服，私自下单表示认同，不接受反驳不作为赔偿依据,￥101.12,淘易鑫工具专营店,0条评价
无线吸尘器家用手持吸头刷头过滤网V6/V7/V8/V10/DC系列配件 戴森3件套 本店部分商品为定制商品，部分商品自提，偏远地区需补运费，出售产品吊牌并非统一，部分产品是本店自主品牌，详情请咨询客服，私自下单表示认同，不接受反驳不作为赔偿依据,￥85.32,淘易鑫工具专营店,0条评价
无线吸尘器家用手持吸头刷头过滤网V6/V7/V8/V10/DC系列配件 戴森可弯曲刷头,￥75.84,淘易鑫工具专营店,0条评价
无线吸尘器家用手持吸头刷头过滤网V6/V7/V8/V10/DC系列配件 戴森前置滤网(1个装),￥69.52,淘易鑫工具专营店,0条评价
无线吸尘器家用手持吸头刷头过滤网V6/V7/V8/V10/DC系列配件 戴森硬毛刷(宽),￥39.50,淘易鑫工具专营店,0条评价
无线吸尘器家用手持吸头刷头过滤网V6/V7/V8/V10/DC系列配件 戴森硬毛刷(窄),￥39.50,淘易鑫工具专营店,0条评价
无线吸尘器家用手持吸头刷头过滤网V6/V7/V8/V10/DC系列配件 戴森圆刷 本店部分商品为定制商品，部分商品自提，偏远地区需补运费，出售产品吊牌并非统一，部分产品是本店自主品牌，详情请咨询客服，私自下单表示认同，不接受反驳不作为赔偿依据,￥39.50,淘易鑫工具专营店,0条评价
无线吸尘器家用手持吸头刷头过滤网V6/V7/V8/V10/DC系列配件 戴森长扁吸,￥39.50,淘易鑫工具专营店,0条评价
无线吸尘器家用手持吸头刷头过滤网V6/V7/V8/V10/DC系列配件 戴森床褥吸头,￥39.50,淘易鑫工具专营店,0条评价
无线吸尘器家用手持吸头刷头过滤网V6/V7/V8/V10/DC系列配件 戴森拆卸工具,￥28.44,淘易鑫工具专营店,0条评价
适配兼容戴森锂电池吸尘器v6v8非电池替代品配件充电器 戴森V8系列电芯3500毫安,￥756.57,简牧家装建材专营店,0条评价
吸尘器V6电池充电器dc62 58 59 74sv09 10替代充电配件 戴森V6系列2600Ah毫安电池,￥309.00,皋阳家装建材专营店,0条评价
dyson戴森吸尘器V6电池充电器dc62 58 59 74sv09 10替代充电配件 戴森V6系列3500Ah毫安电池,￥405.35,思胜五金工具专营店,10条评价
dyson戴森吸尘器V6电池充电器dc62 58 59 74sv09 10替代充电配件 戴森V6系列2600Ah毫安电池,￥309.76,思胜五金工具专营店,10条评价
dyson戴森吸尘器V6电池充电器dc62 58 59 74sv09 10替代充电配件 戴森V6系列4600Ah毫安电池,￥469.48,思胜五金工具专营店,10条评价
适配兼容戴森锂电池吸尘器v6v8非电池替代品配件充电器 戴森V8系列电芯3500毫安,￥716.70,翔飞家装建材专营店,0条评价
戴森吸尘器v6v8电池dyson锂电池替代DC58 62 61 72充电器充电配件 戴森V6系列5500Ah毫安电池,￥619.00,赞璐桐慧之佳专卖店,1条评价
￥499.80,￥588.00,昭志五金dyson戴森吸尘器V6V8电池充电器dc62 58 59 74sv0910替代充电配件 戴森V6系列5500Ah毫安电池,2人拼
吸尘器V6锂电池dc62 58 74 替代品充电配件全新大容量 戴森V6系列4800Ah毫安电池,￥529.20,久益祥旗舰店,0条评价
吸尘器V6锂电池dc62 58 74 替代品充电配件全新大容量 戴森V6系列2600Ah毫安电池,￥349.20,久益祥旗舰店,0条评价
￥349.20,￥388.00,戴森v10吸尘器支架新品原装戴森dyson手持吸尘器V6 DC62 74 V6 V7V8V10系列挂 原装盒装V10挂座(现货),2人拼
￥439.20,￥488.00,戴森v10吸尘器支架新品原装戴森dyson手持吸尘器V6 DC62 74 V6 V7V8V10系列挂 原装盒装V7 V8挂座(现货),2人拼
￥286.20,￥318.00,戴森v10吸尘器支架新品原装戴森dyson手持吸尘器V6 DC62 74 V6 V7V8V10系列挂 原装袋装V6挂座(现货),2人拼
￥329.80,￥388.00,昭志五金dyson戴森吸尘器V6V8电池充电器dc62 58 59 74sv0910替代充电配件 戴森V6系列3500Ah毫安电池,2人拼
吸尘器V6锂电池dc62 58 74 替代品充电配件全新大容量 戴森V6系列3500Ah毫安电池,￥457.20,久益祥旗舰店,0条评价
dyson戴森吸尘器V6电池充电器dc62 58 59 74sv09 10替代充电配件 戴森V6系列4600Ah毫安电池,￥450.70,青果五金工具专营店,0条评价
dyson戴森吸尘器V6电池充电器dc62 58 59 74sv09 10替代充电配件 戴森V6系列3500Ah毫安电池,￥389.14,青果五金工具专营店,0条评价
dyson戴森吸尘器V6电池充电器dc62 58 59 74sv09 10替代充电配件 戴森V6系列2600Ah毫安电池,￥297.37,青果五金工具专营店,0条评价
dyson戴森吸尘器V6电池充电器dc62 58 59 74sv09 10替代充电配件 戴森V6系列4600Ah毫安电池,￥450.70,鑫新家装建材专营店,0条评价
dyson戴森吸尘器V6电池充电器dc62 58 59 74sv09 10替代充电配件 戴森V6系列3500Ah毫安电池,￥389.10,鑫新家装建材专营店,0条评价
dyson戴森吸尘器V6电池充电器dc62 58 59 74sv09 10替代充电配件 戴森V6系列2600Ah毫安电池,￥297.40,鑫新家装建材专营店,0条评价
戴森吸尘器v6v8电池dyson锂电池替代DC58 62 61 72充电器充电配件 戴森V8系列5500Ah毫安电池,￥744.00,莯笙五金工具专营店,0条评价
戴森吸尘器v6v8电池dyson锂电池替代DC58 62 61 72充电器充电配件 戴森V8系列4800Ah毫安电池,￥637.00,莯笙五金工具专营店,0条评价
戴森吸尘器v6v8电池dyson锂电池替代DC58 62 61 72充电器充电配件 戴森V8系列3500Ah毫安电池,￥566.00,莯笙五金工具专营店,0条评价
戴森吸尘器v6v8电池dyson锂电池替代DC58 62 61 72充电器充电配件 戴森V6系列5500Ah毫安电池,￥532.00,莯笙五金工具专营店,0条评价
戴森吸尘器v6v8电池dyson锂电池替代DC58 62 61 72充电器充电配件 戴森V6系列4800Ah毫安电池,￥461.00,莯笙五金工具专营店,0条评价
戴森吸尘器v6v8电池dyson锂电池替代DC58 62 61 72充电器充电配件 戴森V6系列3500Ah毫安电池,￥354.00,莯笙五金工具专营店,0条评价
戴森吸尘器v6v8电池dyson锂电池替代DC58 62 61 72充电器充电配件 戴森V6系列3500Ah毫安电池,￥412.00,赞璐桐慧之佳专卖店,1条评价
戴森吸尘器v6v8电池dyson锂电池替代DC58 62 61 72充电器充电配件 戴森V8系列5500Ah毫安电池,￥865.00,赞璐桐慧之佳专卖店,1条评价
戴森吸尘器v6v8电池dyson锂电池替代DC58 62 61 72充电器充电配件 戴森V8系列4800Ah毫安电池,￥741.00,赞璐桐慧之佳专卖店,1条评价
戴森吸尘器v6v8电池dyson锂电池替代DC58 62 61 72充电器充电配件 戴森V6系列4800Ah毫安电池,￥536.00,赞璐桐慧之佳专卖店,1条评价
戴森吸尘器v6v8电池dyson锂电池替代DC58 62 61 72充电器充电配件 戴森V8系列3500Ah毫安电池,￥658.00,赞璐桐慧之佳专卖店,1条评价
Dyson 戴森V6V7V8V10原装弹性窄细缝清洁软毛吸头汽车吸尘器配件 DC系列/V6弹性细缝清洁吸头,￥230.40,赫兴家装建材专营店,0条评价
￥297.30,￥330.40,戴森吸尘器v6v8电池dyson锂电池DC59 58 62 61 72 74充电器SV10 戴森进口V6系列3500毫安电池,2人拼
￥426.90,￥474.40,戴森吸尘器v6v8电池dyson锂电池DC59 58 62 61 72 74充电器SV10 戴森进口V6系列5500毫安电池,2人拼
￥264.90,￥294.40,戴森吸尘器v6v8电池dyson锂电池DC59 58 62 61 72 74充电器SV10 戴森国产V6系列3500毫安电池,2人拼
￥362.10,￥402.40,戴森吸尘器v6v8电池dyson锂电池DC59 58 62 61 72 74充电器SV10 戴森进口V6系列4800毫安电池,2人拼
￥588.90,￥654.40,戴森吸尘器v6v8电池dyson锂电池DC59 58 62 61 72 74充电器SV10 戴森进口V8系列5500毫安电池,2人拼
￥524.10,￥582.40,戴森吸尘器v6v8电池dyson锂电池DC59 58 62 61 72 74充电器SV10 戴森进口V8系列4800毫安电池,2人拼
￥459.30,￥510.40,戴森吸尘器v6v8电池dyson锂电池DC59 58 62 61 72 74充电器SV10 戴森进口V8系列3500毫安电池,2人拼
戴森吸尘器v6v8电池dyson锂电池DC59 58 62 61 72 74充电器SV10 戴森进口V8系列5500毫安电池,￥716.00,禄之舟五金工具专营店,0条评价
戴森吸尘器v6v8电池dyson锂电池DC59 58 62 61 72 74充电器SV10 戴森进口V8系列4800毫安电池,￥636.00,禄之舟五金工具专营店,0条评价
戴森吸尘器v6v8电池dyson锂电池DC59 58 62 61 72 74充电器SV10 戴森进口V8系列3500毫安电池,￥556.00,禄之舟五金工具专营店,0条评价
戴森吸尘器v6v8电池dyson锂电池DC59 58 62 61 72 74充电器SV10 戴森进口V6系列5500毫安电池,￥516.00,禄之舟五金工具专营店,0条评价
戴森吸尘器v6v8电池dyson锂电池DC59 58 62 61 72 74充电器SV10 戴森进口V6系列4800毫安电池,￥436.00,禄之舟五金工具专营店,0条评价
戴森吸尘器v6v8电池dyson锂电池DC59 58 62 61 72 74充电器SV10 戴森进口V6系列3500毫安电池,￥356.00,禄之舟五金工具专营店,0条评价
戴森吸尘器v6v8电池dyson锂电池DC59 58 62 61 72 74充电器SV10 戴森国产V6系列3500毫安电池,￥316.00,禄之舟五金工具专营店,0条评价
￥612.10,￥680.20,哲耀 吸尘器v6v8电池dyson锂电池DC59 58 62 61 72 74充电器SV10 戴森进口V8系列5500毫安电池,2人拼
￥543.70,￥604.20,哲耀 吸尘器v6v8电池dyson锂电池DC59 58 62 61 72 74充电器SV10 戴森进口V8系列4800毫安电池,2人拼
￥475.30,￥528.20,哲耀 吸尘器v6v8电池dyson锂电池DC59 58 62 61 72 74充电器SV10 戴森进口V8系列3500毫安电池,2人拼
￥441.10,￥490.20,哲耀 吸尘器v6v8电池dyson锂电池DC59 58 62 61 72 74充电器SV10 戴森进口V6系列5500毫安电池,2人拼
￥372.70,￥414.20,哲耀 吸尘器v6v8电池dyson锂电池DC59 58 62 61 72 74充电器SV10 戴森进口V6系列4800毫安电池,2人拼
￥304.30,￥338.20,哲耀 吸尘器v6v8电池dyson锂电池DC59 58 62 61 72 74充电器SV10 戴森进口V6系列3500毫安电池,2人拼
￥270.10,￥300.20,哲耀 吸尘器v6v8电池dyson锂电池DC59 58 62 61 72 74充电器SV10 戴森国产V6系列3500毫安电池,2人拼
￥693.60,￥816.00,昭志五金dyson戴森吸尘器V6V8电池充电器dc62 58 59 74sv0910替代充电配件 戴森V8进口系列5500Ah毫安电池,2人拼
￥608.60,￥716.00,昭志五金dyson戴森吸尘器V6V8电池充电器dc62 58 59 74sv0910替代充电配件 戴森V8进口系列4800Ah毫安电池,2人拼
￥523.60,￥616.00,昭志五金dyson戴森吸尘器V6V8电池充电器dc62 58 59 74sv0910替代充电配件 戴森V8进口系列3500Ah毫安电池,2人拼
戴森吸尘器v6v8电池dyson锂电池DC59 58 62 61 72 74充电器SV10 戴森进口V8系列5500毫安电池,￥565.64,厚木厨房卫浴专营店,0条评价
戴森吸尘器v6v8电池dyson锂电池DC59 58 62 61 72 74充电器SV10 戴森进口V8系列4800毫安电池,￥502.44,厚木厨房卫浴专营店,0条评价
戴森吸尘器v6v8电池dyson锂电池DC59 58 62 61 72 74充电器SV10 戴森进口V8系列3500毫安电池,￥439.24,厚木厨房卫浴专营店,0条评价
戴森吸尘器v6v8电池dyson锂电池DC59 58 62 61 72 74充电器SV10 戴森进口V6系列5500毫安电池,￥407.64,厚木厨房卫浴专营店,0条评价
戴森吸尘器v6v8电池dyson锂电池DC59 58 62 61 72 74充电器SV10 戴森进口V6系列4800毫安电池,￥344.44,厚木厨房卫浴专营店,0条评价
戴森吸尘器v6v8电池dyson锂电池DC59 58 62 61 72 74充电器SV10 戴森进口V6系列3500毫安电池,￥281.24,厚木厨房卫浴专营店,0条评价
戴森吸尘器v6v8电池dyson锂电池DC59 58 62 61 72 74充电器SV10 戴森国产V6系列3500毫安电池,￥249.64,厚木厨房卫浴专营店,0条评价
￥461.00,￥577.00,dyson戴森吸尘器V6电池充电器dc62 58 59 74sv09 10替代充电配件 戴森V6系列4600Ah毫安电池,2人拼
￥399.00,￥499.00,dyson戴森吸尘器V6电池充电器dc62 58 59 74sv09 10替代充电配件 戴森V6系列3500Ah毫安电池,2人拼
￥304.00,￥381.00,dyson戴森吸尘器V6电池充电器dc62 58 59 74sv09 10替代充电配件 戴森V6系列2600Ah毫安电池,2人拼
￥439.43,￥563.38,dyson戴森吸尘器V6电池充电器dc62 58 59 74sv09 10替代充电配件 戴森V6系列4600Ah毫安电池,2人拼
￥289.93,￥371.71,dyson戴森吸尘器V6电池充电器dc62 58 59 74sv09 10替代充电配件 戴森V6系列2600Ah毫安电池,2人拼
￥379.40,￥486.42,dyson戴森吸尘器V6电池充电器dc62 58 59 74sv09 10替代充电配件 戴森V6系列3500Ah毫安电池,2人拼
￥464.70,￥516.43,适用dyson戴森吸尘器V6电池充电器dc62 58 59 74sv09 10替代充电配件 戴森V6系列4600Ah毫安电池,2人拼
￥401.30,￥445.89,适用dyson戴森吸尘器V6电池充电器dc62 58 59 74sv09 10替代充电配件 戴森V6系列3500Ah毫安电池,2人拼
￥306.60,￥340.74,适用dyson戴森吸尘器V6电池充电器dc62 58 59 74sv09 10替代充电配件 戴森V6系列2600Ah毫安电池,2人拼
￥247.80,￥309.76,dyson戴森吸尘器V6电池充电器dc62 58 59 74sv09 10替代充电配件 戴森V6系列2600Ah毫安电池,2人拼
￥324.20,￥405.35,dyson戴森吸尘器V6电池充电器dc62 58 59 74sv09 10替代充电配件 戴森V6系列3500Ah毫安电池,2人拼
￥375.50,￥469.48,dyson戴森吸尘器V6电池充电器dc62 58 59 74sv09 10替代充电配件 戴森V6系列4600Ah毫安电池,2人拼
￥461.00,￥577.00,适用dyson戴森吸尘器V6电池充电器dc62 58 59 74sv09 10替代充电配件 戴森V6系列4600Ah毫安电池,2人拼
￥399.00,￥499.00,适用dyson戴森吸尘器V6电池充电器dc62 58 59 74sv09 10替代充电配件 戴森V6系列3500Ah毫安电池,2人拼
￥304.00,￥381.00,适用dyson戴森吸尘器V6电池充电器dc62 58 59 74sv09 10替代充电配件 戴森V6系列2600Ah毫安电池,2人拼
￥128.00,￥143.00,无线吸尘器家用手持吸头刷头过滤网V6/V7/V8/V10/DC系列配件 戴森6件套,2人拼
￥38.00,￥43.00,无线吸尘器家用手持吸头刷头过滤网V6/V7/V8/V10/DC系列配件 戴森硬毛刷（宽）,2人拼
￥135.00,￥151.00,无线吸尘器家用手持吸头刷头过滤网V6/V7/V8/V10/DC系列配件 戴森7件套,2人拼
￥119.00,￥133.00,无线吸尘器家用手持吸头刷头过滤网V6/V7/V8/V10/DC系列配件 戴森前置滤网（2个装）,2人拼
￥119.00,￥133.00,无线吸尘器家用手持吸头刷头过滤网V6/V7/V8/V10/DC系列配件 戴森宠物刷,2人拼
￥113.00,￥126.00,无线吸尘器家用手持吸头刷头过滤网V6/V7/V8/V10/DC系列配件 戴森5件套,2人拼
￥98.00,￥109.00,无线吸尘器家用手持吸头刷头过滤网V6/V7/V8/V10/DC系列配件 戴森4件套,2人拼
￥82.00,￥92.00,无线吸尘器家用手持吸头刷头过滤网V6/V7/V8/V10/DC系列配件 戴森3件套,2人拼
￥73.00,￥82.00,无线吸尘器家用手持吸头刷头过滤网V6/V7/V8/V10/DC系列配件 戴森可弯曲刷头,2人拼
￥70.00,￥78.00,无线吸尘器家用手持吸头刷头过滤网V6/V7/V8/V10/DC系列配件 戴森前置滤网（1个装）,2人拼
￥41.00,￥46.00,无线吸尘器家用手持吸头刷头过滤网V6/V7/V8/V10/DC系列配件 戴森圆刷,2人拼
￥41.00,￥46.00,无线吸尘器家用手持吸头刷头过滤网V6/V7/V8/V10/DC系列配件 戴森长扁吸,2人拼
￥38.00,￥43.00,无线吸尘器家用手持吸头刷头过滤网V6/V7/V8/V10/DC系列配件 戴森硬毛刷（窄）,2人拼
￥38.00,￥43.00,无线吸尘器家用手持吸头刷头过滤网V6/V7/V8/V10/DC系列配件 戴森床褥吸头,2人拼
￥27.00,￥31.00,无线吸尘器家用手持吸头刷头过滤网V6/V7/V8/V10/DC系列配件 戴森拆卸工具,2人拼
无线吸尘器家用手持吸头刷头过滤网V6/V7/V8/V10/DC系列配件 戴森3件套 戴森拆卸工具,￥28.44,轩莲五金工具专营店,0条评价
无线吸尘器家用手持吸头刷头过滤网V6/V7/V8/V10/DC系列配件 戴森3件套 戴森前置滤网(1个装),￥69.52,轩莲五金工具专营店,0条评价
无线吸尘器家用手持吸头刷头过滤网V6/V7/V8/V10/DC系列配件 戴森3件套 戴森长扁吸,￥39.50,轩莲五金工具专营店,0条评价
无线吸尘器家用手持吸头刷头过滤网V6/V7/V8/V10/DC系列配件 戴森3件套 戴森硬毛刷(窄),￥39.50,轩莲五金工具专营店,0条评价
无线吸尘器家用手持吸头刷头过滤网V6/V7/V8/V10/DC系列配件 戴森3件套 【注意】V7/V8/V10须拍转接头,￥91.64,轩莲五金工具专营店,0条评价
无线吸尘器家用手持吸头刷头过滤网V6/V7/V8/V10/DC系列配件 戴森3件套 戴森3件套,￥85.32,轩莲五金工具专营店,0条评价
无线吸尘器家用手持吸头刷头过滤网V6/V7/V8/V10/DC系列配件 戴森3件套 戴森6件套,￥132.72,轩莲五金工具专营店,0条评价
无线吸尘器家用手持吸头刷头过滤网V6/V7/V8/V10/DC系列配件 戴森3件套 戴森床褥吸头,￥39.50,轩莲五金工具专营店,0条评价
无线吸尘器家用手持吸头刷头过滤网V6/V7/V8/V10/DC系列配件 戴森3件套 戴森5件套,￥116.92,轩莲五金工具专营店,0条评价
无线吸尘器家用手持吸头刷头过滤网V6/V7/V8/V10/DC系列配件 戴森3件套 戴森前置滤网(2个装),￥123.24,轩莲五金工具专营店,0条评价
无线吸尘器家用手持吸头刷头过滤网V6/V7/V8/V10/DC系列配件 戴森3件套 DC30海帕,￥69.52,轩莲五金工具专营店,0条评价
无线吸尘器家用手持吸头刷头过滤网V6/V7/V8/V10/DC系列配件 戴森3件套 戴森可弯曲刷头,￥75.84,轩莲五金工具专营店,0条评价
无线吸尘器家用手持吸头刷头过滤网V6/V7/V8/V10/DC系列配件 戴森3件套 戴森圆刷,￥39.50,轩莲五金工具专营店,0条评价
无线吸尘器家用手持吸头刷头过滤网V6/V7/V8/V10/DC系列配件 戴森3件套 V7/V8/V10转接头,￥91.64,轩莲五金工具专营店,0条评价
无线吸尘器家用手持吸头刷头过滤网V6/V7/V8/V10/DC系列配件 戴森3件套 戴森宠物刷,￥123.24,轩莲五金工具专营店,0条评价
无线吸尘器家用手持吸头刷头过滤网V6/V7/V8/V10/DC系列配件 戴森3件套 戴森硬毛刷(宽),￥39.50,轩莲五金工具专营店,0条评价
无线吸尘器家用手持吸头刷头过滤网V6/V7/V8/V10/DC系列配件 戴森3件套 戴森7件套,￥148.52,轩莲五金工具专营店,0条评价
无线吸尘器家用手持吸头刷头过滤网V6/V7/V8/V10/DC系列配件 戴森3件套 戴森4件套,￥101.12,轩莲五金工具专营店,0条评价
适用Dyson戴森V8 V10 V11缝隙 二合一 除尘软毛刷 污渍配件吸头吸尘器 V6和V6 DC系列转接头 适配V7V8V10V1,￥52.20,赫兴家装建材专营店,0条评价
锂电池兼容Dyson戴森吸尘器V6V8非电池通用充电器替代品 兼容V8系列6200Ah毫安电池 非原装,￥704.46,德丰五金专营店,0条评价
锂电池兼容Dyson戴森吸尘器V6V8非电池通用充电器替代品 兼容V8系列5500Ah毫安电池 非原装,￥615.96,德丰五金专营店,0条评价
锂电池兼容Dyson戴森吸尘器V6V8非电池通用充电器替代品 兼容V8系列4800Ah毫安电池 非原装,￥531.00,德丰五金专营店,0条评价
锂电池兼容Dyson戴森吸尘器V6V8非电池通用充电器替代品 兼森V8系列4200Ah毫安电池 非原装,￥509.76,德丰五金专营店,0条评价
锂电池兼容Dyson戴森吸尘器V6V8非电池通用充电器替代品 兼容V6系列6200Ah毫安电池 非原装,￥474.36,德丰五金专营店,0条评价
锂电池兼容Dyson戴森吸尘器V6V8非电池通用充电器替代品 兼容V6系列5500Ah毫安电池 非原装,￥421.26,德丰五金专营店,0条评价
锂电池兼容Dyson戴森吸尘器V6V8非电池通用充电器替代品 兼容V6系列4800Ah毫安电池 非原装,￥332.76,德丰五金专营店,0条评价
锂电池兼容Dyson戴森吸尘器V6V8非电池通用充电器替代品 兼容V6系列4200Ah毫安电池 非原装,￥281.43,德丰五金专营店,0条评价
锂电池兼容Dyson戴森吸尘器V6V8非电池通用充电器替代品 兼容V8系列4800Ah毫安电池 非原装,￥531.00,摘要五金工具专营店,0条评价
锂电池兼容Dyson戴森吸尘器V6V8非电池通用充电器替代品 兼容V6系列6200Ah毫安电池 非原装,￥474.36,摘要五金工具专营店,0条评价
锂电池兼容Dyson戴森吸尘器V6V8非电池通用充电器替代品 兼容V6系列4200Ah毫安电池 非原装,￥281.43,摘要五金工具专营店,0条评价
锂电池兼容Dyson戴森吸尘器V6V8非电池通用充电器替代品 兼容V8系列6200Ah毫安电池 非原装,￥704.46,摘要五金工具专营店,0条评价
锂电池兼容Dyson戴森吸尘器V6V8非电池通用充电器替代品 兼容V8系列5500Ah毫安电池 非原装,￥615.96,摘要五金工具专营店,0条评价
锂电池兼容Dyson戴森吸尘器V6V8非电池通用充电器替代品 兼森V8系列4200Ah毫安电池 非原装,￥509.76,摘要五金工具专营店,0条评价
锂电池兼容Dyson戴森吸尘器V6V8非电池通用充电器替代品 兼容V6系列5500Ah毫安电池 非原装,￥421.26,摘要五金工具专营店,0条评价
锂电池兼容Dyson戴森吸尘器V6V8非电池通用充电器替代品 兼容V6系列4800Ah毫安电池 非原装,￥332.76,摘要五金工具专营店,0条评价
锂电池兼容Dyson戴森吸尘器V6V8非电池通用充电器替代品 兼容V8系列6200Ah毫安电池 非原装,￥704.46,优浩圣盛扬专卖店,0条评价
锂电池兼容Dyson戴森吸尘器V6V8非电池通用充电器替代品 兼容V8系列5500Ah毫安电池 非原装,￥615.96,优浩圣盛扬专卖店,0条评价
锂电池兼容Dyson戴森吸尘器V6V8非电池通用充电器替代品 兼容V8系列4800Ah毫安电池 非原装,￥531.00,优浩圣盛扬专卖店,0条评价
锂电池兼容Dyson戴森吸尘器V6V8非电池通用充电器替代品 兼森V8系列4200Ah毫安电池 非原装,￥509.76,优浩圣盛扬专卖店,0条评价
锂电池兼容Dyson戴森吸尘器V6V8非电池通用充电器替代品 兼容V6系列6200Ah毫安电池 非原装,￥474.36,优浩圣盛扬专卖店,0条评价
锂电池兼容Dyson戴森吸尘器V6V8非电池通用充电器替代品 兼容V6系列5500Ah毫安电池 非原装,￥421.26,优浩圣盛扬专卖店,0条评价
锂电池兼容Dyson戴森吸尘器V6V8非电池通用充电器替代品 兼容V6系列4800Ah毫安电池 非原装,￥332.76,优浩圣盛扬专卖店,0条评价
锂电池兼容Dyson戴森吸尘器V6V8非电池通用充电器替代品 兼容V6系列4200Ah毫安电池 非原装,￥281.43,优浩圣盛扬专卖店,0条评价
Dyson戴森吸尘器配件V7 V8 V10延长杆金属加长杆直管 V6系列 V10红色,￥694.00,德迈家装建材专营店,0条评价
Dyson戴森吸尘器配件V7 V8 V10延长杆金属加长杆直管 V6系列 V7 V8 V10钛灰色,￥668.00,德迈家装建材专营店,0条评价
Dyson戴森吸尘器配件V7 V8 V10延长杆金属加长杆直管 V6系列 V7 V8 V10金黄色,￥598.00,德迈家装建材专营店,0条评价
Dyson戴森吸尘器配件V7 V8 V10延长杆金属加长杆直管 V6系列 V7 V8 V10蓝色,￥598.00,德迈家装建材专营店,0条评价
Dyson戴森吸尘器配件V7 V8 V10延长杆金属加长杆直管 V6系列 V10铜金色,￥734.00,德迈家装建材专营店,0条评价
Dyson戴森吸尘器配件V7 V8 V10延长杆金属加长杆直管 V6系列 V7 V8 V10红色,￥628.00,德迈家装建材专营店,0条评价
Dyson戴森吸尘器配件V7 V8 V10延长杆金属加长杆直管 V6系列 V6 DC58 请移步专有链接,￥594.00,德迈家装建材专营店,0条评价
Dyson戴森吸尘器配件V7 V8 V10充电挂架底座打孔现货 DC系列/V6原装挂架 DC58 59 61 62,￥251.22,蔓青萝五金工具专营店,0条评价
￥298.90,￥332.20,原装款Dyson戴森吸尘器配件V7 V8 V10充电挂架底座打孔现货 DC系列/V6原装挂架 DC58 59 61 62,2人拼
锂电池兼容Dyson戴森吸尘器V6V8非原装电池通用充电器替代品 兼容V8系列6200Ah毫安电池 非原装,￥597.00,精永五金工具专营店,0条评价
锂电池兼容Dyson戴森吸尘器V6V8非原装电池通用充电器替代品 兼容V8系列5500Ah毫安电池 非原装,￥522.00,精永五金工具专营店,0条评价
锂电池兼容Dyson戴森吸尘器V6V8非原装电池通用充电器替代品 兼容V8系列4800Ah毫安电池 非原装,￥450.00,精永五金工具专营店,0条评价
锂电池兼容Dyson戴森吸尘器V6V8非原装电池通用充电器替代品 兼森V8系列4200Ah毫安电池 非原装,￥432.00,精永五金工具专营店,0条评价
锂电池兼容Dyson戴森吸尘器V6V8非原装电池通用充电器替代品 兼容V8系列6200Ah毫安电池,￥577.00,强极五金工具专营店,0条评价
锂电池兼容Dyson戴森吸尘器V6V8非原装电池通用充电器替代品 兼容V8系列5500Ah毫安电池,￥505.00,强极五金工具专营店,0条评价
锂电池兼容Dyson戴森吸尘器V6V8非原装电池通用充电器替代品 兼容V8系列4800Ah毫安电池,￥435.00,强极五金工具专营店,0条评价
锂电池兼容Dyson戴森吸尘器V6V8非原装电池通用充电器替代品 兼森V8系列4200Ah毫安电池,￥418.00,强极五金工具专营店,0条评价
锂电池兼容Dyson戴森吸尘器V6V8非原装电池通用充电器替代品 兼容V6系列6200Ah毫安电池,￥389.00,强极五金工具专营店,0条评价
锂电池兼容Dyson戴森吸尘器V6V8非原装电池通用充电器替代品 兼容V6系列5500Ah毫安电池,￥345.00,强极五金工具专营店,0条评价
锂电池兼容Dyson戴森吸尘器V6V8非原装电池通用充电器替代品 兼容V6系列4800Ah毫安电池,￥273.00,强极五金工具专营店,0条评价
锂电池兼容Dyson戴森吸尘器V6V8非原装电池通用充电器替代品 兼容V6系列4200Ah毫安电池,￥231.00,强极五金工具专营店,0条评价
适用戴森无线吸尘器家用手持吸头刷头过滤网V6/V7/V8/V10/DC系列配件 V7/V8/V10转接头,￥104.40,赫兴家装建材专营店,0条评价
适用戴森无线吸尘器家用手持吸头刷头过滤网V6/V7/V8/V10/DC系列配件 【注意】V7/V8/V10须拍转接头,￥106.20,赫兴家装建材专营店,0条评价
适用戴森无线吸尘器家用手持吸头刷头过滤网V6/V7/V8/V10/DC系列配件 DC30海帕,￥79.20,赫兴家装建材专营店,0条评价
￥716.40,￥796.00,德韵锂电池兼容Dyson戴森吸尘器V6V8非原装电池通用充电器替代品 兼容V8系列6200Ah毫安电池 非原装,2人拼
￥626.40,￥696.00,德韵锂电池兼容Dyson戴森吸尘器V6V8非原装电池通用充电器替代品 兼容V8系列5500Ah毫安电池 非原装,2人拼
￥540.00,￥600.00,德韵锂电池兼容Dyson戴森吸尘器V6V8非原装电池通用充电器替代品 兼容V8系列4800Ah毫安电池 非原装,2人拼
￥518.40,￥576.00,德韵锂电池兼容Dyson戴森吸尘器V6V8非原装电池通用充电器替代品 兼森V8系列4200Ah毫安电池 非原装,2人拼
￥482.40,￥536.00,德韵锂电池兼容Dyson戴森吸尘器V6V8非原装电池通用充电器替代品 兼容V6系列6200Ah毫安电池 非原装,2人拼
￥428.40,￥476.00,德韵锂电池兼容Dyson戴森吸尘器V6V8非原装电池通用充电器替代品 兼容V6系列5500Ah毫安电池 非原装,2人拼
锂电池兼容Dyson戴森吸尘器V6V8非原装电池通用充电器替代品 兼容V6系列6200Ah毫安电池 非原装,￥402.00,精永五金工具专营店,0条评价
锂电池兼容Dyson戴森吸尘器V6V8非原装电池通用充电器替代品 兼容V6系列5500Ah毫安电池 非原装,￥357.00,精永五金工具专营店,0条评价
锂电池兼容Dyson戴森吸尘器V6V8非原装电池通用充电器替代品 兼容V6系列4800Ah毫安电池 非原装,￥282.00,精永五金工具专营店,0条评价
锂电池兼容Dyson戴森吸尘器V6V8非原装电池通用充电器替代品 兼容V6系列4200Ah毫安电池 非原装,￥238.50,精永五金工具专营店,0条评价
适配戴森吸尘器V6V8mattress充电挂座挂墙挂架底座 V7/V8全系列,￥219.00,万之汇礼品专营店,0条评价
￥338.40,￥376.00,德韵锂电池兼容Dyson戴森吸尘器V6V8非原装电池通用充电器替代品 兼容V6系列4800Ah毫安电池 非原装,2人拼
￥286.20,￥318.00,德韵锂电池兼容Dyson戴森吸尘器V6V8非原装电池通用充电器替代品 兼容V6系列4200Ah毫安电池 非原装,2人拼
锂电池兼容Dyson 戴森吸尘器v6v8非原装电池替代品配件充电器 兼容V8系列进口电芯3500毫安 非原装,￥534.00,鼎客五金工具专营店,1条评价
锂电池兼容Dyson 戴森吸尘器v6v8非原装电池替代品配件充电器 兼容V8系列进口电芯5500毫安 非原装,￥1053.00,懿明以梦专卖店,0条评价
锂电池兼容Dyson 戴森吸尘器v6v8非原装电池替代品配件充电器 兼容V8系列进口电芯4800毫安 非原装,￥927.00,懿明以梦专卖店,0条评价
锂电池兼容Dyson 戴森吸尘器v6v8非原装电池替代品配件充电器 兼容V8系列进口电芯3500毫安 非原装,￥801.00,懿明以梦专卖店,0条评价
德韵锂电池兼容Dyson戴森吸尘器V6V8非原装电池通用充电器替代品 兼容V8系列6200Ah毫安电池 非原装,￥796.00,懿明以梦专卖店,0条评价
德韵锂电池兼容Dyson戴森吸尘器V6V8非原装电池通用充电器替代品 兼容V8系列5500Ah毫安电池 非原装,￥696.00,懿明以梦专卖店,0条评价
德韵锂电池兼容Dyson戴森吸尘器V6V8非原装电池通用充电器替代品 兼容V8系列4800Ah毫安电池 非原装,￥600.00,懿明以梦专卖店,0条评价
德韵锂电池兼容Dyson戴森吸尘器V6V8非原装电池通用充电器替代品 兼森V8系列4200Ah毫安电池 非原装,￥576.00,懿明以梦专卖店,0条评价
德韵锂电池兼容Dyson戴森吸尘器V6V8非原装电池通用充电器替代品 兼容V6系列6200Ah毫安电池 非原装,￥536.00,懿明以梦专卖店,0条评价
德韵锂电池兼容Dyson戴森吸尘器V6V8非原装电池通用充电器替代品 兼容V6系列5500Ah毫安电池 非原装,￥476.00,懿明以梦专卖店,0条评价
德韵锂电池兼容Dyson戴森吸尘器V6V8非原装电池通用充电器替代品 兼容V6系列4800Ah毫安电池 非原装,￥376.00,懿明以梦专卖店,0条评价
德韵锂电池兼容Dyson戴森吸尘器V6V8非原装电池通用充电器替代品 兼容V6系列4200Ah毫安电池 非原装,￥318.00,懿明以梦专卖店,0条评价
￥329.60,￥412.00,原装Dyson戴森吸尘器配件V7 V8 V10充电挂架底座打孔现货 DC系列/V6原装挂架 DC58 59 61 62,2人拼
德韵锂电池兼容Dyson戴森吸尘器V6V8非原装电池通用充电器替代品 兼容V8系列6200Ah毫安电池 非原装,￥796.00,新之昌普全专卖店,0条评价
德韵锂电池兼容Dyson戴森吸尘器V6V8非原装电池通用充电器替代品 兼容V8系列5500Ah毫安电池 非原装,￥696.00,新之昌普全专卖店,0条评价
德韵锂电池兼容Dyson戴森吸尘器V6V8非原装电池通用充电器替代品 兼容V8系列4800Ah毫安电池 非原装,￥600.00,新之昌普全专卖店,0条评价
德韵锂电池兼容Dyson戴森吸尘器V6V8非原装电池通用充电器替代品 兼森V8系列4200Ah毫安电池 非原装,￥576.00,新之昌普全专卖店,0条评价
德韵锂电池兼容Dyson戴森吸尘器V6V8非原装电池通用充电器替代品 兼容V6系列6200Ah毫安电池 非原装,￥536.00,新之昌普全专卖店,0条评价
德韵锂电池兼容Dyson戴森吸尘器V6V8非原装电池通用充电器替代品 兼容V6系列5500Ah毫安电池 非原装,￥476.00,新之昌普全专卖店,0条评价
德韵锂电池兼容Dyson戴森吸尘器V6V8非原装电池通用充电器替代品 兼容V6系列4800Ah毫安电池 非原装,￥376.00,新之昌普全专卖店,0条评价
德韵锂电池兼容Dyson戴森吸尘器V6V8非原装电池通用充电器替代品 兼容V6系列4200Ah毫安电池 非原装,￥318.00,新之昌普全专卖店,0条评价
￥286.20,￥318.00,戴森v10吸尘器支架新品原装Dyson戴森吸尘器配件V7 V8 V10充电挂架底座打孔现货 DC系列/V6原装挂架 DC58 59 61 62,2人拼
锂电池兼容Dyson 戴森吸尘器v6v8非原装电池替代品配件充电器 兼容V8系列进口电芯5500毫安 非原装,￥702.00,鼎客五金工具专营店,1条评价
锂电池兼容Dyson 戴森吸尘器v6v8非原装电池替代品配件充电器 兼容V8系列进口电芯4800毫安 非原装,￥618.00,鼎客五金工具专营店,1条评价
德韵锂电池兼容Dyson戴森吸尘器V6V8非原装电池通用充电器替代品 兼容V8系列6200Ah毫安电池 非原装,￥1353.00,宏之旺五金工具专营店,0条评价
德韵锂电池兼容Dyson戴森吸尘器V6V8非原装电池通用充电器替代品 兼容V8系列5500Ah毫安电池 非原装,￥1183.00,宏之旺五金工具专营店,0条评价
德韵锂电池兼容Dyson戴森吸尘器V6V8非原装电池通用充电器替代品 兼容V8系列4800Ah毫安电池 非原装,￥1020.00,宏之旺五金工具专营店,0条评价
德韵锂电池兼容Dyson戴森吸尘器V6V8非原装电池通用充电器替代品 兼森V8系列4200Ah毫安电池 非原装,￥979.00,宏之旺五金工具专营店,0条评价
德韵锂电池兼容Dyson戴森吸尘器V6V8非原装电池通用充电器替代品 兼容V6系列6200Ah毫安电池 非原装,￥911.00,宏之旺五金工具专营店,0条评价
德韵锂电池兼容Dyson戴森吸尘器V6V8非原装电池通用充电器替代品 兼容V6系列5500Ah毫安电池 非原装,￥809.00,宏之旺五金工具专营店,0条评价
德韵锂电池兼容Dyson戴森吸尘器V6V8非原装电池通用充电器替代品 兼容V6系列4800Ah毫安电池 非原装,￥639.00,宏之旺五金工具专营店,0条评价
德韵锂电池兼容Dyson戴森吸尘器V6V8非原装电池通用充电器替代品 兼容V6系列4200Ah毫安电池 非原装,￥541.00,宏之旺五金工具专营店,0条评价
dyson戴森吸尘器dc58596162 v6 v7 v8 v10充电器 车载电源线 v10系列,￥321.20,合信源丹和专卖店,0条评价
dyson戴森吸尘器dc58596162 v6 v7 v8 v10充电器 车载电源线 v6 v7 v8系列,￥260.00,合信源丹和专卖店,0条评价
￥279.00,￥538.00,适用于Dyson戴森吸尘器配件V7 V8 V10充电挂架底座打孔充电挂座 DC系列/V6挂架 DC58 59 61 62,2人拼
适用于Dyson戴森吸尘器配件V7 V8 V10原装延长杆金属加长杆直管 V6系列 V10专用铜金色,￥736.00,欢庭家居专营店,0条评价
适用于Dyson戴森吸尘器配件V7 V8 V10原装延长杆金属加长杆直管 V6系列 V10专用红色,￥696.00,欢庭家居专营店,0条评价
适用于Dyson戴森吸尘器配件V7 V8 V10原装延长杆金属加长杆直管 V6系列 V7 V8 V10钛黑色,￥670.00,欢庭家居专营店,0条评价
适用于Dyson戴森吸尘器配件V7 V8 V10原装延长杆金属加长杆直管 V6系列 V7 V8 V10钛灰色,￥670.00,欢庭家居专营店,0条评价
适用于Dyson戴森吸尘器配件V7 V8 V10原装延长杆金属加长杆直管 V6系列 V7 V8 V10红色,￥660.00,欢庭家居专营店,0条评价
适用于Dyson戴森吸尘器配件V7 V8 V10原装延长杆金属加长杆直管 V6系列 V7 V8 V10蓝色,￥650.00,欢庭家居专营店,0条评价
适用于Dyson戴森吸尘器配件V7 V8 V10原装延长杆金属加长杆直管 V6系列 V6 DC58 请移步专有链接,￥596.00,欢庭家居专营店,0条评价
Dyson戴森吸尘器配件V7 V8 V10原装延长杆金属加长杆直管 V6系列 V7 V8 V10钛灰色,￥652.00,圣亨美五金工具专营店,0条评价
Dyson戴森吸尘器配件V7 V8 V10原装延长杆金属加长杆直管 V6系列 V6 DC58 请移步专有链接,￥632.00,圣亨美五金工具专营店,0条评价
Dyson戴森吸尘器配件V7 V8 V10原装延长杆金属加长杆直管 V6系列 V7 V8 V10蓝色,￥652.00,圣亨美五金工具专营店,0条评价
Dyson戴森吸尘器配件V7 V8 V10原装延长杆金属加长杆直管 V6系列 V7 V8 V10金黄色,￥632.00,圣亨美五金工具专营店,0条评价
适用于Dyson戴森吸尘器配件V7 V8 V10充电挂架底座打孔充电挂座 DC系列/V6挂架 DC58 59 61 62,￥289.00,百福堂箱包专营店,0条评价
新款原装dyson戴森吸尘器v6 v7 v8充电器 车载电源线v10电源 配件 v10系列,￥365.00,柏睿车品专营店,0条评价
Dyson戴森吸尘器配件V7 V8 V10原装延长杆金属加长杆直管 V6系列 V7 V8 V10紫红色（粉色）,￥598.00,圣亨美五金工具专营店,0条评价
￥275.50,￥539.00,适用于Dyson戴森吸尘器配件V7 V8 V10充电挂架底座打孔充电挂座 DC系列/V6挂架 DC58 59 61 62,2人拼
Dyson戴森吸尘器配件V7 V8 V10原装延长杆金属加长杆直管 V6系列 V7 V8 V10蓝色,￥638.96,大鸣泽家装建材专营店,0条评价
Dyson戴森吸尘器配件V7 V8 V10原装延长杆金属加长杆直管 V6系列 V7 V8 V10金黄色,￥619.36,大鸣泽家装建材专营店,0条评价
￥217.90,￥242.20,适配戴森吸尘器V6V7V8V7mattress充电挂座挂墙挂架底座 V7/V8全系列 本店部分商品为定制商品SKU为定制预付款，拍前请咨询客服，如不咨询直接拍下我们有权不发货,2人拼
适用于Dyson戴森吸尘器配件V7 V8 V10充电挂架底座打孔充电挂座 DC系列/V6挂架 DC58 59 61 62,￥273.00,铭兰户外装备专营店,0条评价
Dyson戴森吸尘器配件V7 V8 V10原装延长杆金属加长杆直管 V6系列 V7 V8 V10钛灰色,￥638.96,大鸣泽家装建材专营店,0条评价
Dyson戴森吸尘器配件V7 V8 V10原装延长杆金属加长杆直管 V6系列 V6 DC58 请移步专有链接,￥619.36,大鸣泽家装建材专营店,0条评价
Dyson戴森吸尘器配件V7 V8 V10原装延长杆金属加长杆直管 V6系列 V7 V8 V10紫红色(粉色),￥586.04,大鸣泽家装建材专营店,0条评价
新款原装dyson戴森吸尘器v6 v7 v8充电器 车载电源线v10电源 配件 v6 v7 v8系列,￥296.00,柏睿车品专营店,0条评价
￥278.00,￥538.00,适用于Dyson戴森吸尘器配件V7 V8 V10充电挂架底座打孔充电挂座芯奢 DC系列/V6挂架 DC58 59 61 62,2人拼
￥269.00,￥529.00,适用于Dyson戴森吸尘器配件V7 V8 V10充电挂架底座打孔充电挂座彩寇 DC系列/V6挂架 DC58 59 61 62,2人拼
适用德韵锂电池兼容Dyson戴森吸尘器V6V8非原装电池通用充电器替代品 兼森V8系列7680Ah毫安电池 非原装,￥854.10,岁月五金工具专营店,0条评价
适用德韵锂电池兼容Dyson戴森吸尘器V6V8非原装电池通用充电器替代品 兼容V8系列5500Ah毫安电池 非原装,￥678.60,岁月五金工具专营店,0条评价
适用德韵锂电池兼容Dyson戴森吸尘器V6V8非原装电池通用充电器替代品 兼容V6系列4200Ah毫安电池 非原装,￥310.10,岁月五金工具专营店,0条评价
适用德韵锂电池兼容Dyson戴森吸尘器V6V8非原装电池通用充电器替代品 兼容V6系列6200Ah毫安电池 非原装,￥522.60,岁月五金工具专营店,0条评价
适用德韵锂电池兼容Dyson戴森吸尘器V6V8非原装电池通用充电器替代品 兼容V6系列7680Ah毫安电池 非原装,￥581.10,岁月五金工具专营店,0条评价
适用德韵锂电池兼容Dyson戴森吸尘器V6V8非原装电池通用充电器替代品 兼容V8系列6200Ah毫安电池 非原装,￥776.10,岁月五金工具专营店,0条评价
适用德韵锂电池兼容Dyson戴森吸尘器V6V8非原装电池通用充电器替代品 兼森V8系列4200Ah毫安电池 非原装,￥561.60,岁月五金工具专营店,0条评价
适用德韵锂电池兼容Dyson戴森吸尘器V6V8非原装电池通用充电器替代品 兼容V8系列4800Ah毫安电池 非原装,￥585.00,岁月五金工具专营店,0条评价
适用德韵锂电池兼容Dyson戴森吸尘器V6V8非原装电池通用充电器替代品 兼容V6系列4800Ah毫安电池 非原装,￥366.60,岁月五金工具专营店,0条评价
适用德韵锂电池兼容Dyson戴森吸尘器V6V8非原装电池通用充电器替代品 兼容V6系列5500Ah毫安电池 非原装,￥464.10,岁月五金工具专营店,0条评价
适用戴森吸尘器配件V6V7V8V10顶部滤芯前置过滤dyson后置HEPA滤网 DC系列V6V7V8 前置滤网(通用),￥207.00,赫兴家装建材专营店,0条评价
￥720.00,家电每满300减15 (5.11-5.15),0条评价,适用适配dyson戴森吸尘器配件DC596162V6V7V8软绒电动硬地板瓷砖吸头 V6其他系列机型，需备注型号
dyson戴森吸尘器原装配件V6V7V8V10 DC596274充电器电源线 适配器_SJF DC系列/V6原装电源适配器,￥388.00,八斗五金工具专营店,0条评价
￥720.00,家电每满300减15 (5.11-5.15),适用适配dyson戴森吸尘器配件DC596162V6V7V8软绒电动硬地板瓷砖吸头 V6其他系列机型，需备注型号,￥648.00
￥720.00,家电每满300减15 (5.11-5.15),适用适配dyson戴森吸尘器配件DC596162V6V7V8软绒电动硬地板瓷砖吸头 V6其他系列机型，需备注型号,￥684.00
￥270.00,￥300.00,兼容戴森Dyson吸尘器V6吸头配件 延长杆免打孔架充电挂座滤网地刷 V6系列充电座,2人拼
适用戴森吸尘器配件V8 V10宽嘴床褥DCV6 V7电动床褥除螨吸头原装品质 DC系列/V6电动除螨吸头 拍下备注AB接口,￥490.00,尚维电器专营店,9条评价
戴森V7V8挂架充电底座dyson吸尘器配件墙挂架充电挂架 精品墙挂座适用V7V8系列所有型号,￥169.06,如福厨房卫浴专营店,0条评价
适用dyson戴森吸尘器配件V8地毯吸头V7V10软绒滚筒直驱地板吸头V6刷杆 V6/DC系列软绒滚筒吸头 原厂全新盒装,￥1438.20,赫兴家装建材专营店,0条评价
适用dyson戴森吸尘器配件V8地毯吸头V7V10软绒滚筒直驱地板吸头V6刷杆 DC/V6系列碳纤维地板吸头 原厂全新盒装,￥990.00,赫兴家装建材专营店,0条评价
适用戴森吸尘器配件V8 V10宽嘴床褥DCV6 V7电动床褥除螨吸头原装品质 Dc系列/v6宽嘴床褥吸头,￥268.00,尚维电器专营店,9条评价
适用dyson戴森吸尘器配件V8地毯吸头V7V10软绒滚筒直驱地板吸头V6刷杆 V6/DC系列软绒滚筒吸头 预定一周后发出,￥1518.00,哲晟家装建材专营店,0条评价
适用dyson戴森吸尘器配件V8地毯吸头V7V10软绒滚筒直驱地板吸头V6刷杆 DC/V6系列碳纤维地板吸头 原厂全新盒装,￥1045.00,哲晟家装建材专营店,0条评价
￥490.00,家电每满300减15 (5.11-5.15),适用戴森吸尘器配件V8 V10宽嘴床褥DCV6 V7电动床褥除螨吸头原装品质 DC系列/V6电动除螨吸头 拍下备注AB接口,￥465.50
￥1038.24,￥1153.60,dyson戴森吸尘器配件V8地毯吸头V7V10软绒滚筒直驱地板吸头V6刷杆 V6/DC系列软绒滚筒吸头 预定一周后发出,2人拼
￥724.50,￥805.00,dyson戴森吸尘器配件V8地毯吸头V7V10软绒滚筒直驱地板吸头V6刷杆 DC/V6系列碳纤维地板吸头 原厂全新盒装,2人拼
￥268.00,家电每满300减15 (5.11-5.15),适用戴森吸尘器配件V8 V10宽嘴床褥DCV6 V7电动床褥除螨吸头原装品质 Dc系列/v6宽嘴床褥吸头,￥254.60
￥216.00,￥240.00,适配戴森吸尘器收纳架底座挂架挂墙dc45V6V7V8置物架免打孔支架子 V7/V8系列底座 1层,2人拼
dyson戴森吸尘器配件DC/V6V7V8集尘桶垃圾盒筒马达主机气旋桶原装 原装DC系列/V6集尘筒 A接口,￥421.00,哲晟家装建材专营店,1条评价
dyson戴森吸尘器配件DC/V6V7V8集尘桶垃圾盒筒马达主机气旋桶原装 原装DC系列/V6主机马达,￥808.00,哲晟家装建材专营店,1条评价
dyson戴森吸尘器配件DC/V6V7V8集尘桶垃圾盒筒马达主机气旋桶原装 原装DC系列V6集尘筒 B接口,￥421.00,哲晟家装建材专营店,1条评价
dyson戴森吸尘器配件DC/V6V7V8集尘桶垃圾盒筒马达主机气旋桶原装 原装DC系列/V6气旋 两色可以选,￥259.00,哲晟家装建材专营店,1条评价
￥182.30,￥202.60,戴森V7V8原装款挂架充电底座dyson吸尘器配件墙挂架充电挂架 精品墙挂座适用V7V8系列所有型号,2人拼
￥490.00,家电每满300减15 (5.11-5.15),3条评价,适用戴森吸尘器配件V8 V10宽嘴床褥DCV6 V7电动床褥除螨吸头原装品质 DC系列/V6电动除螨吸头 拍下备注AB接口
￥268.00,家电每满300减15 (5.11-5.15),3条评价,适用戴森吸尘器配件V8 V10宽嘴床褥DCV6 V7电动床褥除螨吸头原装品质 Dc系列/v6宽嘴床褥吸头
￥205.20,￥228.00,戴森支架v8新品戴森V7V8原装挂架充电底座dyson吸尘器配件墙挂架充电挂架 精品墙挂座适用V7V8系列所有型号,2人拼
￥629.10,￥699.00,【精选特惠】dyson戴森吸尘器v7吸尘器配件V8地毯吸头V7V10软绒滚筒直驱地板吸头V6刷杆 DC/V6系列碳纤维地板吸头 原厂全新盒装,2人拼
〶〶【京东品质】适配戴森吸尘器配件充电挂座挂架支架dyson收纳架V7pro架V7V8底座 V7/V8系列底座 1层,￥184.00,祥庚家居日用专营店,0条评价
￥948.10,￥998.00,0条评价,【精选好货】dyson戴森吸尘器v7吸尘器配件V8地毯吸头V7V10软绒滚筒直驱地板吸头V6刷杆 DC/V6系列碳纤维地板吸头 原厂全新盒装
【优选好店】兼容dyson吸尘器V6系列地刷 爱建无线吸尘器电动地刷多功能地刷,￥217.00,秉存生活日用专营店,0条评价
￥200.52,￥222.80,Dyson戴森吸尘器过滤芯滤网DCV6V7V8V10主机前后置HEPA原装配件 限购2件，多拍联系客 DC系列V6V7V8前置滤网,2人拼
￥374.40,￥416.00,Dyson戴森吸尘器过滤芯滤网DCV6V7V8V10主机前后置HEPA原装配件 限购2件，多拍联系客 DC系列/V6后置HEPA滤网 老款V6不能用,2人拼
戴森V7V8挂架充电底座dyson吸尘器配件墙挂架充电挂架 套餐4：精品挂座+床褥吸头 适用v7v8系列所有,￥281.24,如福厨房卫浴专营店,0条评价
戴森V7V8挂架充电底座dyson吸尘器配件墙挂架充电挂架 套餐3：精品挂座+前置滤网 适用v7v8系列所有,￥249.64,如福厨房卫浴专营店,0条评价
￥297.30,￥330.40,戴森V7V8原装款挂架充电底座dyson吸尘器配件墙挂架充电挂架 套餐4：精品挂座+床褥吸头 适用v7v8系列所有,2人拼
￥264.90,￥294.40,戴森V7V8原装款挂架充电底座dyson吸尘器配件墙挂架充电挂架 套餐3：精品挂座+前置滤网 适用v7v8系列所有,2人拼
￥250.20,￥278.00,戴森支架v8新品戴森V7V8原装挂架充电底座dyson吸尘器配件墙挂架充电挂架 套餐3：精品挂座+前置滤网 适用v7v8系列所有,2人拼
￥286.20,￥318.00,戴森支架v8新品戴森V7V8原装挂架充电底座dyson吸尘器配件墙挂架充电挂架 套餐4：精品挂座+床褥吸头 适用v7v8系列所有,2人拼
戴森V7V8挂架充电底座dyson吸尘器配件墙挂架充电挂架 套餐2：原装挂座+免打孔立地架 适用v7v8系列所,￥434.50,如福厨房卫浴专营店,0条评价
戴森V7V8挂架充电底座dyson吸尘器配件墙挂架充电挂架 套餐1：精品挂座+免打孔立地架 适用v7v8系列所,￥355.50,如福厨房卫浴专营店,0条评价
戴森V7V8挂架充电底座dyson吸尘器配件墙挂架充电挂架 套餐5：挂座+前置滤网+床褥吸头 适用v7v8系列,￥312.84,如福厨房卫浴专营店,0条评价
￥329.70,￥366.40,戴森V7V8原装款挂架充电底座dyson吸尘器配件墙挂架充电挂架 套餐5：挂座+前置滤网+床褥吸头 适用v7v8系列,2人拼
￥373.50,￥415.00,戴森V7V8原装款挂架充电底座dyson吸尘器配件墙挂架充电挂架 套餐1：精品挂座+免打孔立地架 适用v7v8系列所,2人拼
￥502.20,￥558.00,戴森支架v8新品戴森V7V8原装挂架充电底座dyson吸尘器配件墙挂架充电挂架 套餐2：原装挂座+免打孔立地架 适用v7v8系列所,2人拼
￥385.20,￥428.00,戴森支架v8新品戴森V7V8原装挂架充电底座dyson吸尘器配件墙挂架充电挂架 套餐1：精品挂座+免打孔立地架 适用v7v8系列所,2人拼
￥313.20,￥348.00,戴森支架v8新品戴森V7V8原装挂架充电底座dyson吸尘器配件墙挂架充电挂架 套餐5：挂座+前置滤网+床褥吸头 适用v7v8系列,2人拼
￥350.64,￥389.60,Dyson戴森吸尘器过滤芯滤网DCV6V7V8V10主机前后置HEPA原装配件 限购2件，多拍联系客 前置滤芯 DC系列/V6原装气旋 原厂全新盒装,2人拼
￥454.50,￥505.00,戴森V7V8原装款挂架充电底座dyson吸尘器配件墙挂架充电挂架 套餐2：原装款挂座+免打孔立地架 适用v7v8系列,2人拼
京品家电,￥999.00,7900+条评价,百得系列蒸汽拖把清洁机 吸尘器伴侣 高温洗拖地机 家用多功能蒸汽清洗机FSMH1300FX
￥2199.00,家电每满300减15 (5.11-5.15),7900+条评价,百得系列蒸汽拖把 吸尘器伴侣 多功能高温蒸汽清洁机家用 蒸汽拖地清洗机FSMH13151SM
